CREATE DATABASE  IF NOT EXISTS `backoffice` /*!40100 DEFAULT CHARACTER SET utf8mb4 COLLATE utf8mb4_0900_ai_ci */ /*!80016 DEFAULT ENCRYPTION='N' */;
USE `backoffice`;
-- MySQL dump 10.13  Distrib 8.0.34, for Win64 (x86_64)
--
-- Host: localhost    Database: backoffice
-- ------------------------------------------------------
-- Server version	8.0.35

/*!40101 SET @OLD_CHARACTER_SET_CLIENT=@@CHARACTER_SET_CLIENT */;
/*!40101 SET @OLD_CHARACTER_SET_RESULTS=@@CHARACTER_SET_RESULTS */;
/*!40101 SET @OLD_COLLATION_CONNECTION=@@COLLATION_CONNECTION */;
/*!50503 SET NAMES utf8 */;
/*!40103 SET @OLD_TIME_ZONE=@@TIME_ZONE */;
/*!40103 SET TIME_ZONE='+00:00' */;
/*!40014 SET @OLD_UNIQUE_CHECKS=@@UNIQUE_CHECKS, UNIQUE_CHECKS=0 */;
/*!40014 SET @OLD_FOREIGN_KEY_CHECKS=@@FOREIGN_KEY_CHECKS, FOREIGN_KEY_CHECKS=0 */;
/*!40101 SET @OLD_SQL_MODE=@@SQL_MODE, SQL_MODE='NO_AUTO_VALUE_ON_ZERO' */;
/*!40111 SET @OLD_SQL_NOTES=@@SQL_NOTES, SQL_NOTES=0 */;

--
-- Table structure for table `icd_tens`
--

DROP TABLE IF EXISTS `icd_tens`;
/*!40101 SET @saved_cs_client     = @@character_set_client */;
/*!50503 SET character_set_client = utf8mb4 */;
CREATE TABLE `icd_tens` (
  `id` varchar(255) NOT NULL,
  `icd_tens_name_english` varchar(255) NOT NULL,
  `icd_tens_name_bahasa` varchar(255) NOT NULL,
  `icd_tens_code` varchar(255) NOT NULL,
  `icd_tens_type` varchar(255) NOT NULL,
  PRIMARY KEY (`id`),
  UNIQUE KEY `icd_tens_code_UNIQUE` (`icd_tens_code`)
) ENGINE=InnoDB DEFAULT CHARSET=utf8mb4 COLLATE=utf8mb4_0900_ai_ci;
/*!40101 SET character_set_client = @saved_cs_client */;

--
-- Dumping data for table `icd_tens`
--

LOCK TABLES `icd_tens` WRITE;
/*!40000 ALTER TABLE `icd_tens` DISABLE KEYS */;
INSERT INTO `icd_tens` VALUES ('06ea3e49-bc7b-4d39-a4ef-38d59081042c','Paratyphoid fever A','Demam paratifus A','A01.1','Typhoid and paratyphoid fevers'),('1602df5b-65a4-4bb5-8b21-cd83f7dc0e16','Typhoid fever','Demam tifoid','A01.0','Typhoid and paratyphoid fevers'),('2ced0738-062b-4783-8fc8-2b235071e60f','Salmonella infection','Infeksi Salmonella','A02.8','Other salmonella infections'),('377d8012-679f-4d63-aeed-607b3253d0d8','Cryptosporidiosis','Cryptosporidiosis','A07.2','Other protozoal intestinal diseases'),('4a81d45b-72f7-4bbd-b09c-404333a5ed96','Paratyphoid fever C','Demam paratifus C','A01.3','Typhoid and paratyphoid fevers'),('523c5e5c-a75d-42cd-a484-5faafb11b669','Paratyphoid fever B','Demam paratifus B','A01.2','Typhoid and paratyphoid fevers'),('699ee9ea-35cc-4e90-b9ae-c00c2fc0fe88','Salmonella sepsis','Salmonella sepsis','A02.1','Other salmonella infections'),('83d3feb9-5588-43a9-bbdf-1a96290a1861','Salmonella enteritis','Enterokolitis Salmonella','A02.0','Other salmonella infections'),('8d7e4ace-d02f-4da6-8c35-af62cfeeb07d','Updated ICD English','Updated ICD Bahasa','ICD002','Type B'),('a73a29fe-ff40-4a84-a7dc-a57040fc053f','Updated Isosporiasis','Updated Isosporiasis','A07.4','Updated Other protozoal intestinal diseases'),('ccf8802c-70d9-4ae8-863d-bcf416dce933','Other shigellosis','Shigellosis lainnya','A03.8','Shigellosis'),('cf7eba37-38c2-4f98-914f-406c79ca9d70','Botulism','Botulisme','A05.1','Other bacterial foodborne intoxications, not elsewhere classified'),('d7bdc670-030a-4d89-b535-8fa9f9d0d83f','Balantidiasis','Balantidiasis','A07.0','Other protozoal intestinal diseases');
/*!40000 ALTER TABLE `icd_tens` ENABLE KEYS */;
UNLOCK TABLES;

--
-- Table structure for table `icd_tens_detail`
--

DROP TABLE IF EXISTS `icd_tens_detail`;
/*!40101 SET @saved_cs_client     = @@character_set_client */;
/*!50503 SET character_set_client = utf8mb4 */;
CREATE TABLE `icd_tens_detail` (
  `id` varchar(255) NOT NULL,
  `icd_tens_id` varchar(255) NOT NULL,
  `pre_assessment_id` varchar(255) NOT NULL,
  PRIMARY KEY (`id`),
  KEY `fk_icd_tens_detail_icd_tens_id_idx` (`icd_tens_id`),
  KEY `fk_icd_tens_detail_pre_assessment_id_idx` (`pre_assessment_id`),
  CONSTRAINT `fk_icd_tens_detail_icd_tens_id` FOREIGN KEY (`icd_tens_id`) REFERENCES `icd_tens` (`id`),
  CONSTRAINT `fk_icd_tens_detail_pre_assessment_id` FOREIGN KEY (`pre_assessment_id`) REFERENCES `pre_assessment` (`id`)
) ENGINE=InnoDB DEFAULT CHARSET=utf8mb4 COLLATE=utf8mb4_0900_ai_ci;
/*!40101 SET character_set_client = @saved_cs_client */;

--
-- Dumping data for table `icd_tens_detail`
--

LOCK TABLES `icd_tens_detail` WRITE;
/*!40000 ALTER TABLE `icd_tens_detail` DISABLE KEYS */;
INSERT INTO `icd_tens_detail` VALUES ('0b0d5ec4-0a11-4d6d-b2b1-5d373c16ab1f','1602df5b-65a4-4bb5-8b21-cd83f7dc0e16','1'),('129a7589-ffd6-4d56-83a3-adef5f7738c2','06ea3e49-bc7b-4d39-a4ef-38d59081042c','1'),('18b7f9d4-40fd-4ca7-8f1d-907c257be678','06ea3e49-bc7b-4d39-a4ef-38d59081042c','d2d0f0a3-814d-4ba9-b08c-2f64bdb899d1'),('1fadf4a4-4437-4012-a13b-67bb0f1e4e7b','06ea3e49-bc7b-4d39-a4ef-38d59081042c','1'),('23a08a7d-feb3-4452-83db-34d5e12e5996','06ea3e49-bc7b-4d39-a4ef-38d59081042c','91a557db-b73c-442b-9f7c-bd814352d075'),('24dbcd89-9dec-4936-9391-3bc7d36fb2bd','1602df5b-65a4-4bb5-8b21-cd83f7dc0e16','91a557db-b73c-442b-9f7c-bd814352d075'),('29ce76cc-59b0-470c-9e8a-c74cbc66627a','06ea3e49-bc7b-4d39-a4ef-38d59081042c','f1c824e0-99b8-4382-96d8-7500994dd9a0'),('2f8708fe-f9c2-4cbd-ad5c-911f27057d14','1602df5b-65a4-4bb5-8b21-cd83f7dc0e16','373f0f66-14e5-4429-abe7-91b083c47874'),('3c329f41-0f97-4855-9bf7-447fb7823d43','1602df5b-65a4-4bb5-8b21-cd83f7dc0e16','703e761a-ce02-4e5f-b944-a8753e8eb77c'),('3cce41b3-f6e9-4564-851b-7a121b1b40a3','06ea3e49-bc7b-4d39-a4ef-38d59081042c','65d9ea02-0607-4a0d-bbe8-4803e36dcb60'),('3f85fabc-d912-4c9b-8dd5-c5d6cae347bf','1602df5b-65a4-4bb5-8b21-cd83f7dc0e16','4715e3b9-e132-4900-b8cd-165b38eb2f5b'),('4680da8d-bd6a-4af2-a082-eb70a278b4fb','06ea3e49-bc7b-4d39-a4ef-38d59081042c','c3fa9dc5-f3d0-44e2-acfd-4ea12a7f5c8e'),('4aaacc67-796f-4899-b1d1-b707fa6b0bf2','06ea3e49-bc7b-4d39-a4ef-38d59081042c','ed7ed2aa-1418-4e0c-96cd-700adc44135d'),('509cd11e-b330-4a6d-b5df-88f097ce0227','06ea3e49-bc7b-4d39-a4ef-38d59081042c','703e761a-ce02-4e5f-b944-a8753e8eb77c'),('51e1baf8-e787-452c-9b1a-783b3477b7e7','06ea3e49-bc7b-4d39-a4ef-38d59081042c','8f3a067b-497d-431c-ba0f-8f6ae8dc29c4'),('5cac5e1e-e944-44aa-aeb3-049ecdf42a0a','06ea3e49-bc7b-4d39-a4ef-38d59081042c','373f0f66-14e5-4429-abe7-91b083c47874'),('69d7e5ea-fd21-4bdd-ae21-ca5866bfda2c','1602df5b-65a4-4bb5-8b21-cd83f7dc0e16','4299b2d2-3174-4ec3-9b74-17663f8c948f'),('72579991-0c03-4f26-85fd-e5859dfa4c31','06ea3e49-bc7b-4d39-a4ef-38d59081042c','1'),('768aa314-24cf-4ee9-9e76-f9b9f3f69906','06ea3e49-bc7b-4d39-a4ef-38d59081042c','0ebcc7c8-627c-4364-8b7a-ef20117092f1'),('77abac0e-65ec-46f8-88c0-f0543a324ae1','1602df5b-65a4-4bb5-8b21-cd83f7dc0e16','1'),('78c8477f-0919-442c-8be7-207364634909','06ea3e49-bc7b-4d39-a4ef-38d59081042c','4e362d7e-851f-49e4-bdfc-8d857728a2b3'),('7cc3cbf9-ad5f-429e-9d99-b8a02dd40f4b','06ea3e49-bc7b-4d39-a4ef-38d59081042c','d6e4060f-3758-47ab-84bd-93b7bab1bc8e'),('8149d64e-f901-4ce7-9410-33f76b0766e8','1602df5b-65a4-4bb5-8b21-cd83f7dc0e16','c3fa9dc5-f3d0-44e2-acfd-4ea12a7f5c8e'),('8191223f-36c0-48be-973e-65765ab88af3','1602df5b-65a4-4bb5-8b21-cd83f7dc0e16','ed7ed2aa-1418-4e0c-96cd-700adc44135d'),('83a75f17-2b1e-41cb-a0a2-01934e157ee0','06ea3e49-bc7b-4d39-a4ef-38d59081042c','cde12332-e0de-4ccf-bf38-eb2be29f237e'),('896ec3af-af3e-4353-a021-d79f9c746cce','1602df5b-65a4-4bb5-8b21-cd83f7dc0e16','1'),('8ae6fdfe-85c9-4bbd-90ac-39ee196d778c','1602df5b-65a4-4bb5-8b21-cd83f7dc0e16','cde12332-e0de-4ccf-bf38-eb2be29f237e'),('8e7c2ae3-3013-4567-b4a4-6a228b14ab1b','1602df5b-65a4-4bb5-8b21-cd83f7dc0e16','4e362d7e-851f-49e4-bdfc-8d857728a2b3'),('96f6168e-83ae-4006-96f3-9a1bdbe83591','1602df5b-65a4-4bb5-8b21-cd83f7dc0e16','1'),('a1a0b1a9-dbb7-471f-aacd-4c3294956cd7','1602df5b-65a4-4bb5-8b21-cd83f7dc0e16','65d9ea02-0607-4a0d-bbe8-4803e36dcb60'),('a4fa3ce6-5e12-47c4-9952-b894c6fab308','1602df5b-65a4-4bb5-8b21-cd83f7dc0e16','a91461ac-5a07-457f-be63-b09a18e2f373'),('aab5222f-0218-4d8e-8a14-0a4b2059926f','1602df5b-65a4-4bb5-8b21-cd83f7dc0e16','82a78a5f-62da-423b-b8c5-260722ce4d15'),('aee357e3-50cd-435f-82b5-8fc76daadd1c','1602df5b-65a4-4bb5-8b21-cd83f7dc0e16','0ebcc7c8-627c-4364-8b7a-ef20117092f1'),('aee489e2-7a77-4c71-b28a-59a79b0153ff','1602df5b-65a4-4bb5-8b21-cd83f7dc0e16','1'),('b2917afd-4a33-4003-a4da-86077733e6c6','06ea3e49-bc7b-4d39-a4ef-38d59081042c','4299b2d2-3174-4ec3-9b74-17663f8c948f'),('b8294b6f-6357-4b89-9b24-c7387c538ff8','1602df5b-65a4-4bb5-8b21-cd83f7dc0e16','d6e4060f-3758-47ab-84bd-93b7bab1bc8e'),('bb6bf762-ca82-4dc4-92ba-9050a2088e0a','06ea3e49-bc7b-4d39-a4ef-38d59081042c','82a78a5f-62da-423b-b8c5-260722ce4d15'),('bdea2603-5ba6-4f47-b813-183d98e5ba5b','1602df5b-65a4-4bb5-8b21-cd83f7dc0e16','f1c824e0-99b8-4382-96d8-7500994dd9a0'),('c2af4a22-5a43-4a14-9a42-79b1eacb7016','06ea3e49-bc7b-4d39-a4ef-38d59081042c','1'),('cdb0651b-4f4c-44f0-bed2-8e6499a81610','1602df5b-65a4-4bb5-8b21-cd83f7dc0e16','8f3a067b-497d-431c-ba0f-8f6ae8dc29c4'),('d3d4bada-4ba6-41f1-8bb4-3e5dc76f9993','06ea3e49-bc7b-4d39-a4ef-38d59081042c','5cf49c6c-4006-4cb3-a386-a2b1daff8e83'),('e34bf644-2078-4666-b6ef-d3f2176db3ee','06ea3e49-bc7b-4d39-a4ef-38d59081042c','a91461ac-5a07-457f-be63-b09a18e2f373'),('e901649b-42df-4caf-984a-12ff6118026b','1602df5b-65a4-4bb5-8b21-cd83f7dc0e16','d2d0f0a3-814d-4ba9-b08c-2f64bdb899d1'),('ea764244-f6a7-44e2-a480-b88e17166476','06ea3e49-bc7b-4d39-a4ef-38d59081042c','1'),('f895fc9d-2b82-4a10-be45-9502c9de489d','06ea3e49-bc7b-4d39-a4ef-38d59081042c','4715e3b9-e132-4900-b8cd-165b38eb2f5b');
/*!40000 ALTER TABLE `icd_tens_detail` ENABLE KEYS */;
UNLOCK TABLES;

--
-- Table structure for table `patient`
--

DROP TABLE IF EXISTS `patient`;
/*!40101 SET @saved_cs_client     = @@character_set_client */;
/*!50503 SET character_set_client = utf8mb4 */;
CREATE TABLE `patient` (
  `id` varchar(255) NOT NULL,
  `patient_medical_record_number` varchar(6) NOT NULL,
  `patient_name` varchar(45) DEFAULT NULL,
  `patient_birthdate` date DEFAULT NULL,
  `patient_nik` varchar(45) NOT NULL,
  PRIMARY KEY (`id`),
  UNIQUE KEY `patient_nik_UNIQUE` (`patient_nik`),
  UNIQUE KEY `patient_medical_record_number_UNIQUE` (`patient_medical_record_number`)
) ENGINE=InnoDB DEFAULT CHARSET=utf8mb4 COLLATE=utf8mb4_0900_ai_ci;
/*!40101 SET character_set_client = @saved_cs_client */;

--
-- Dumping data for table `patient`
--

LOCK TABLES `patient` WRITE;
/*!40000 ALTER TABLE `patient` DISABLE KEYS */;
INSERT INTO `patient` VALUES ('30aee0af-4a36-44bb-825f-b29edfbf288d','000001','Updated Patient Name','1990-01-01','9876543210'),('d975a9e1-5139-458d-9d7f-1bf44af690ad','000002','John Nee','2022-01-08','123456789');
/*!40000 ALTER TABLE `patient` ENABLE KEYS */;
UNLOCK TABLES;

--
-- Table structure for table `pre_assessment`
--

DROP TABLE IF EXISTS `pre_assessment`;
/*!40101 SET @saved_cs_client     = @@character_set_client */;
/*!50503 SET character_set_client = utf8mb4 */;
CREATE TABLE `pre_assessment` (
  `id` varchar(255) NOT NULL,
  `patient_id` varchar(255) NOT NULL,
  `subject_pre_assessment` varchar(255) DEFAULT NULL,
  `object_pre_assessment` varchar(255) DEFAULT NULL,
  `assessment_pre_assessment` varchar(255) DEFAULT NULL,
  `plan_pre_assessment` varchar(255) DEFAULT NULL,
  `assessment_date` date DEFAULT NULL,
  PRIMARY KEY (`id`),
  KEY `fk_pre_assessment_patient_id_idx` (`patient_id`),
  CONSTRAINT `fk_pre_assessment_patient_id` FOREIGN KEY (`patient_id`) REFERENCES `patient` (`id`)
) ENGINE=InnoDB DEFAULT CHARSET=utf8mb4 COLLATE=utf8mb4_0900_ai_ci;
/*!40101 SET character_set_client = @saved_cs_client */;

--
-- Dumping data for table `pre_assessment`
--

LOCK TABLES `pre_assessment` WRITE;
/*!40000 ALTER TABLE `pre_assessment` DISABLE KEYS */;
INSERT INTO `pre_assessment` VALUES ('0ebcc7c8-627c-4364-8b7a-ef20117092f1','30aee0af-4a36-44bb-825f-b29edfbf288d','Cek',NULL,NULL,NULL,NULL),('1','30aee0af-4a36-44bb-825f-b29edfbf288d','updated_subject','updated_object','updated_assessment','updated_plan','2022-02-01'),('13e3114a-8666-44c8-9b1e-4454d021a0ad','30aee0af-4a36-44bb-825f-b29edfbf288d','Cek',NULL,NULL,NULL,NULL),('27ec9152-1ff8-40c7-beed-2372081265b2','30aee0af-4a36-44bb-825f-b29edfbf288d','subject','object','assessment','plan','2022-01-01'),('373f0f66-14e5-4429-abe7-91b083c47874','30aee0af-4a36-44bb-825f-b29edfbf288d','Cek','Cek','Cek','Cek','2022-01-08'),('3b3a3c1d-39d1-4e56-8caa-54f628a36e23','30aee0af-4a36-44bb-825f-b29edfbf288d','subject','object','assessment','plan','2022-01-01'),('4299b2d2-3174-4ec3-9b74-17663f8c948f','30aee0af-4a36-44bb-825f-b29edfbf288d','Cek','Cek','Cek',NULL,NULL),('4715e3b9-e132-4900-b8cd-165b38eb2f5b','30aee0af-4a36-44bb-825f-b29edfbf288d','Cek',NULL,NULL,NULL,NULL),('4e362d7e-851f-49e4-bdfc-8d857728a2b3','30aee0af-4a36-44bb-825f-b29edfbf288d','subject','object','assessment','plan','2022-01-01'),('5c3c3c19-7408-4ade-9539-60d9222e76e6','30aee0af-4a36-44bb-825f-b29edfbf288d','Cek',NULL,NULL,NULL,NULL),('5cf49c6c-4006-4cb3-a386-a2b1daff8e83','30aee0af-4a36-44bb-825f-b29edfbf288d','Cek',NULL,NULL,NULL,NULL),('65d9ea02-0607-4a0d-bbe8-4803e36dcb60','30aee0af-4a36-44bb-825f-b29edfbf288d','Cek',NULL,NULL,NULL,NULL),('703e761a-ce02-4e5f-b944-a8753e8eb77c','30aee0af-4a36-44bb-825f-b29edfbf288d','Cek',NULL,NULL,NULL,NULL),('79929317-4bbb-4b99-97b2-db090e6cbece','30aee0af-4a36-44bb-825f-b29edfbf288d','Cek',NULL,NULL,NULL,NULL),('82a78a5f-62da-423b-b8c5-260722ce4d15','30aee0af-4a36-44bb-825f-b29edfbf288d','Cek',NULL,NULL,NULL,NULL),('8cc1ad50-67f2-4782-ac4e-8457e3dc3070','30aee0af-4a36-44bb-825f-b29edfbf288d','Cek',NULL,NULL,NULL,NULL),('8f3a067b-497d-431c-ba0f-8f6ae8dc29c4','30aee0af-4a36-44bb-825f-b29edfbf288d','Cek',NULL,NULL,NULL,NULL),('91a557db-b73c-442b-9f7c-bd814352d075','30aee0af-4a36-44bb-825f-b29edfbf288d','Cek','Cek','Cek','Cek','2022-01-08'),('a3218db4-daf7-41a2-816a-0c1f73e923af','30aee0af-4a36-44bb-825f-b29edfbf288d','Cek',NULL,NULL,NULL,NULL),('a91461ac-5a07-457f-be63-b09a18e2f373','30aee0af-4a36-44bb-825f-b29edfbf288d','Cek',NULL,NULL,NULL,NULL),('b0dfd750-e7f7-46f2-aca7-895896598af4','30aee0af-4a36-44bb-825f-b29edfbf288d','Cek',NULL,NULL,NULL,NULL),('c3fa9dc5-f3d0-44e2-acfd-4ea12a7f5c8e','30aee0af-4a36-44bb-825f-b29edfbf288d','Cek','Cek','Cek','Cek','2022-01-08'),('c90d523e-7b98-43b5-9db6-d14996b85426','30aee0af-4a36-44bb-825f-b29edfbf288d','Cek',NULL,NULL,NULL,NULL),('cde12332-e0de-4ccf-bf38-eb2be29f237e','30aee0af-4a36-44bb-825f-b29edfbf288d','Cek',NULL,NULL,NULL,NULL),('d2d0f0a3-814d-4ba9-b08c-2f64bdb899d1','30aee0af-4a36-44bb-825f-b29edfbf288d','Cek',NULL,NULL,NULL,NULL),('d6e4060f-3758-47ab-84bd-93b7bab1bc8e','30aee0af-4a36-44bb-825f-b29edfbf288d','Cek',NULL,NULL,NULL,NULL),('ed7ed2aa-1418-4e0c-96cd-700adc44135d','30aee0af-4a36-44bb-825f-b29edfbf288d','Cek','Cek','Cek','Cek',NULL),('f1c824e0-99b8-4382-96d8-7500994dd9a0','30aee0af-4a36-44bb-825f-b29edfbf288d','Cek',NULL,NULL,NULL,NULL),('f6d858a4-10bc-461d-ace2-e8b3826c45aa','30aee0af-4a36-44bb-825f-b29edfbf288d','Cek',NULL,NULL,NULL,NULL);
/*!40000 ALTER TABLE `pre_assessment` ENABLE KEYS */;
UNLOCK TABLES;

--
-- Table structure for table `trace`
--

DROP TABLE IF EXISTS `trace`;
/*!40101 SET @saved_cs_client     = @@character_set_client */;
/*!50503 SET character_set_client = utf8mb4 */;
CREATE TABLE `trace` (
  `id` varchar(255) NOT NULL,
  `user_id` varchar(255) NOT NULL,
  `token` varchar(255) NOT NULL,
  `log_time` timestamp NOT NULL DEFAULT CURRENT_TIMESTAMP ON UPDATE CURRENT_TIMESTAMP,
  `action` varchar(45) DEFAULT NULL,
  PRIMARY KEY (`id`),
  KEY `fk_trace_user_id_idx` (`user_id`),
  CONSTRAINT `fk_trace_user_id` FOREIGN KEY (`user_id`) REFERENCES `users` (`id`)
) ENGINE=InnoDB DEFAULT CHARSET=utf8mb4 COLLATE=utf8mb4_0900_ai_ci;
/*!40101 SET character_set_client = @saved_cs_client */;

--
-- Dumping data for table `trace`
--

LOCK TABLES `trace` WRITE;
/*!40000 ALTER TABLE `trace` DISABLE KEYS */;
INSERT INTO `trace` VALUES ('000d83d7-6e1f-4417-b289-18ec8a1880db','b56d51ad-7628-4029-aef7-54103a45b9ae','eyJhbGciOiJIUzI1NiIsInR5cCI6IkpXVCJ9.eyJpZCI6ImI1NmQ1MWFkLTc2MjgtNDAyOS1hZWY3LTU0MTAzYTQ1YjlhZSIsImlhdCI6MTcwNDcwNDcxNCwiZXhwIjoxNzA0NzA4MzE0fQ.MWGwoCpAVn_hkdU8VUA0qh0m5Dnd2REYasEm8u8wMP4','2024-01-08 09:26:55','update_icd'),('00600514-e3e5-4e8d-9d75-ed0980511fce','b56d51ad-7628-4029-aef7-54103a45b9ae','eyJhbGciOiJIUzI1NiIsInR5cCI6IkpXVCJ9.eyJpZCI6ImI1NmQ1MWFkLTc2MjgtNDAyOS1hZWY3LTU0MTAzYTQ1YjlhZSIsImlhdCI6MTcwNDcwNDMwOCwiZXhwIjoxNzA0NzA3OTA4fQ.sfOqPW3YsYhoKmoJGqKMT0j89capnx6vu4t7wN8Se9U','2024-01-08 08:58:28','login'),('0061eb83-b2a8-461b-a68f-e0d22777714a','b56d51ad-7628-4029-aef7-54103a45b9ae','eyJhbGciOiJIUzI1NiIsInR5cCI6IkpXVCJ9.eyJpZCI6ImI1NmQ1MWFkLTc2MjgtNDAyOS1hZWY3LTU0MTAzYTQ1YjlhZSIsImlhdCI6MTcwNDc4NTUyMSwiZXhwIjoxNzA0Nzg5MTIxfQ.t3g1v0-cRJD2nYYSs_IzgEhces2fJmogFNF96vGpR4s','2024-01-09 07:32:01','login'),('01553f31-22f5-4abd-93b9-290bc53306ea','b56d51ad-7628-4029-aef7-54103a45b9ae','eyJhbGciOiJIUzI1NiIsInR5cCI6IkpXVCJ9.eyJpZCI6ImI1NmQ1MWFkLTc2MjgtNDAyOS1hZWY3LTU0MTAzYTQ1YjlhZSIsImlhdCI6MTcwNDc2Mzk2NywiZXhwIjoxNzA0NzY3NTY3fQ.ZE-MMy1T8yj-TAoeE8wZiLORip1579aZH-aOTWUf-js','2024-01-09 01:32:47','login'),('0532add3-2399-4e0d-bc1c-549b8833550c','b56d51ad-7628-4029-aef7-54103a45b9ae','eyJhbGciOiJIUzI1NiIsInR5cCI6IkpXVCJ9.eyJpZCI6ImI1NmQ1MWFkLTc2MjgtNDAyOS1hZWY3LTU0MTAzYTQ1YjlhZSIsImlhdCI6MTcwNDc3NDk5NiwiZXhwIjoxNzA0Nzc4NTk2fQ.fPnnLmRfmmDH83j-Frxwipj-WRRfCt-rv0lrWWXiJq4','2024-01-09 05:00:10','get_list_assessment'),('0d5cdc33-3e42-49e0-b5d8-ee590b419b6f','b56d51ad-7628-4029-aef7-54103a45b9ae','eyJhbGciOiJIUzI1NiIsInR5cCI6IkpXVCJ9.eyJpZCI6ImI1NmQ1MWFkLTc2MjgtNDAyOS1hZWY3LTU0MTAzYTQ1YjlhZSIsImlhdCI6MTcwNDc3MTI5NSwiZXhwIjoxNzA0Nzc0ODk1fQ.vhU14r2Ubz9sEtgREbfuT38D98I3HgzM3H090sAMRqQ','2024-01-09 03:44:09','get_list_assessment'),('0e865ee1-abf9-47e1-b13d-cd49f031b7c4','b56d51ad-7628-4029-aef7-54103a45b9ae','eyJhbGciOiJIUzI1NiIsInR5cCI6IkpXVCJ9.eyJpZCI6ImI1NmQ1MWFkLTc2MjgtNDAyOS1hZWY3LTU0MTAzYTQ1YjlhZSIsImlhdCI6MTcwNDc3MTI5NSwiZXhwIjoxNzA0Nzc0ODk1fQ.vhU14r2Ubz9sEtgREbfuT38D98I3HgzM3H090sAMRqQ','2024-01-09 04:18:43','insert_pre_assessment'),('11432869-a465-4366-9c4b-9c3f1be4d772','b56d51ad-7628-4029-aef7-54103a45b9ae','eyJhbGciOiJIUzI1NiIsInR5cCI6IkpXVCJ9.eyJpZCI6ImI1NmQ1MWFkLTc2MjgtNDAyOS1hZWY3LTU0MTAzYTQ1YjlhZSIsImlhdCI6MTcwNDc3MTI5NSwiZXhwIjoxNzA0Nzc0ODk1fQ.vhU14r2Ubz9sEtgREbfuT38D98I3HgzM3H090sAMRqQ','2024-01-09 03:36:49','get_list_assessment'),('1200eee0-9c81-4078-846b-2dcd532bc616','b56d51ad-7628-4029-aef7-54103a45b9ae','eyJhbGciOiJIUzI1NiIsInR5cCI6IkpXVCJ9.eyJpZCI6ImI1NmQ1MWFkLTc2MjgtNDAyOS1hZWY3LTU0MTAzYTQ1YjlhZSIsImlhdCI6MTcwNDc3NDk5NiwiZXhwIjoxNzA0Nzc4NTk2fQ.fPnnLmRfmmDH83j-Frxwipj-WRRfCt-rv0lrWWXiJq4','2024-01-09 04:42:54','insert_pre_assessment'),('146e55ec-6255-4e8a-a3ed-4020a73cdbd6','b56d51ad-7628-4029-aef7-54103a45b9ae','eyJhbGciOiJIUzI1NiIsInR5cCI6IkpXVCJ9.eyJpZCI6ImI1NmQ1MWFkLTc2MjgtNDAyOS1hZWY3LTU0MTAzYTQ1YjlhZSIsImlhdCI6MTcwNDcxMDIxMSwiZXhwIjoxNzA0NzEzODExfQ.ToVb19UogUo5d4abODJehtl4WAKVS52J8RPI8h3rHCA','2024-01-08 10:45:14','get_list_icd'),('14f4305d-3ac4-441c-8c8a-7668cf2cd219','b56d51ad-7628-4029-aef7-54103a45b9ae','eyJhbGciOiJIUzI1NiIsInR5cCI6IkpXVCJ9.eyJpZCI6ImI1NmQ1MWFkLTc2MjgtNDAyOS1hZWY3LTU0MTAzYTQ1YjlhZSIsImlhdCI6MTcwNDc4Njg0NCwiZXhwIjoxNzA0NzkwNDQ0fQ.F0tUkXAF46sAS-7pNyOuYdsJ2v93ZmtkgJI2xRxrkpo','2024-01-09 07:54:04','login'),('2003a17b-a285-4d9a-9cc4-c6d7a9be592f','b56d51ad-7628-4029-aef7-54103a45b9ae','eyJhbGciOiJIUzI1NiIsInR5cCI6IkpXVCJ9.eyJpZCI6ImI1NmQ1MWFkLTc2MjgtNDAyOS1hZWY3LTU0MTAzYTQ1YjlhZSIsImlhdCI6MTcwNDc1NjE3NiwiZXhwIjoxNzA0NzU5Nzc2fQ.oJQQ5fe50Aab1x3YyxqcQwZKguddO1QPrsc2vsfIXJA','2024-01-09 00:13:11','insert_pre_assessment'),('24adebb1-e319-4a1f-88b2-b816fcd46471','b56d51ad-7628-4029-aef7-54103a45b9ae','eyJhbGciOiJIUzI1NiIsInR5cCI6IkpXVCJ9.eyJpZCI6ImI1NmQ1MWFkLTc2MjgtNDAyOS1hZWY3LTU0MTAzYTQ1YjlhZSIsImlhdCI6MTcwNDc1NjE3NiwiZXhwIjoxNzA0NzU5Nzc2fQ.oJQQ5fe50Aab1x3YyxqcQwZKguddO1QPrsc2vsfIXJA','2024-01-08 23:31:01','insert_pre_assessment'),('28303e50-08e0-488e-b304-e9e82bf85f9f','b56d51ad-7628-4029-aef7-54103a45b9ae','eyJhbGciOiJIUzI1NiIsInR5cCI6IkpXVCJ9.eyJpZCI6ImI1NmQ1MWFkLTc2MjgtNDAyOS1hZWY3LTU0MTAzYTQ1YjlhZSIsImlhdCI6MTcwNDc3NDk5NiwiZXhwIjoxNzA0Nzc4NTk2fQ.fPnnLmRfmmDH83j-Frxwipj-WRRfCt-rv0lrWWXiJq4','2024-01-09 05:02:20','get_list_assessment'),('2a861159-b066-4591-bc59-8d3f8bfdacb6','b56d51ad-7628-4029-aef7-54103a45b9ae','eyJhbGciOiJIUzI1NiIsInR5cCI6IkpXVCJ9.eyJpZCI6ImI1NmQ1MWFkLTc2MjgtNDAyOS1hZWY3LTU0MTAzYTQ1YjlhZSIsImlhdCI6MTcwNDc4MTEyMywiZXhwIjoxNzA0Nzg0NzIzfQ.Ihv5tde3TMHZk1IHcoEkcTIohf8ItTeLilDlREYXrJI','2024-01-09 06:41:53','get_list_assessment'),('2ae949d3-0b81-4024-a578-1d40f50a1595','b56d51ad-7628-4029-aef7-54103a45b9ae','eyJhbGciOiJIUzI1NiIsInR5cCI6IkpXVCJ9.eyJpZCI6ImI1NmQ1MWFkLTc2MjgtNDAyOS1hZWY3LTU0MTAzYTQ1YjlhZSIsImlhdCI6MTcwNDcxMDIxMSwiZXhwIjoxNzA0NzEzODExfQ.ToVb19UogUo5d4abODJehtl4WAKVS52J8RPI8h3rHCA','2024-01-08 10:52:53','get_list_icd'),('2bba8039-2832-4f3a-b51f-0edcf57ae78e','b56d51ad-7628-4029-aef7-54103a45b9ae','eyJhbGciOiJIUzI1NiIsInR5cCI6IkpXVCJ9.eyJpZCI6ImI1NmQ1MWFkLTc2MjgtNDAyOS1hZWY3LTU0MTAzYTQ1YjlhZSIsImlhdCI6MTcwNDc2Mzk2NywiZXhwIjoxNzA0NzY3NTY3fQ.ZE-MMy1T8yj-TAoeE8wZiLORip1579aZH-aOTWUf-js','2024-01-09 01:33:25','update_pre_assessment'),('2ec7d791-1abc-4282-9347-bff5ff1c55e7','b56d51ad-7628-4029-aef7-54103a45b9ae','eyJhbGciOiJIUzI1NiIsInR5cCI6IkpXVCJ9.eyJpZCI6ImI1NmQ1MWFkLTc2MjgtNDAyOS1hZWY3LTU0MTAzYTQ1YjlhZSIsImlhdCI6MTcwNDc2Mzk2NywiZXhwIjoxNzA0NzY3NTY3fQ.ZE-MMy1T8yj-TAoeE8wZiLORip1579aZH-aOTWUf-js','2024-01-09 01:38:05','update_pre_assessment'),('2f3be3cf-867b-47b0-965d-3e8ffd5eaf63','b56d51ad-7628-4029-aef7-54103a45b9ae','eyJhbGciOiJIUzI1NiIsInR5cCI6IkpXVCJ9.eyJpZCI6ImI1NmQ1MWFkLTc2MjgtNDAyOS1hZWY3LTU0MTAzYTQ1YjlhZSIsImlhdCI6MTcwNDc4MTEyMywiZXhwIjoxNzA0Nzg0NzIzfQ.Ihv5tde3TMHZk1IHcoEkcTIohf8ItTeLilDlREYXrJI','2024-01-09 06:47:30','get_list_assessment'),('2fd1821d-5f9b-4a29-b790-06f567bcfe5d','b56d51ad-7628-4029-aef7-54103a45b9ae','eyJhbGciOiJIUzI1NiIsInR5cCI6IkpXVCJ9.eyJpZCI6ImI1NmQ1MWFkLTc2MjgtNDAyOS1hZWY3LTU0MTAzYTQ1YjlhZSIsImlhdCI6MTcwNDcxNTcxMCwiZXhwIjoxNzA0NzE5MzEwfQ.I21A6O2eWtYmPnc_kjBmQIe1ZVbCCdqoj3_m_fKRHlU','2024-01-08 12:14:11','insert_patient'),('301d13a9-ddb5-4fd6-a6a7-b726e4c8664f','b56d51ad-7628-4029-aef7-54103a45b9ae','eyJhbGciOiJIUzI1NiIsInR5cCI6IkpXVCJ9.eyJpZCI6ImI1NmQ1MWFkLTc2MjgtNDAyOS1hZWY3LTU0MTAzYTQ1YjlhZSIsImlhdCI6MTcwNDcwMTcxOSwiZXhwIjoxNzA0NzA1MzE5fQ.jZrzfkMU3GArjMTVZWWYxeDjQLqNtvGD8QbRhTqzi1U','2024-01-08 08:15:19','login'),('3044384f-8038-4503-a9ba-52288ebcb51d','b56d51ad-7628-4029-aef7-54103a45b9ae','eyJhbGciOiJIUzI1NiIsInR5cCI6IkpXVCJ9.eyJpZCI6ImI1NmQ1MWFkLTc2MjgtNDAyOS1hZWY3LTU0MTAzYTQ1YjlhZSIsImlhdCI6MTcwNDc3NDk5NiwiZXhwIjoxNzA0Nzc4NTk2fQ.fPnnLmRfmmDH83j-Frxwipj-WRRfCt-rv0lrWWXiJq4','2024-01-09 05:02:32','get_list_assessment'),('30aee0af-4a36-44bb-825f-b29edfbf288d','b56d51ad-7628-4029-aef7-54103a45b9ae','eyJhbGciOiJIUzI1NiIsInR5cCI6IkpXVCJ9.eyJpZCI6ImI1NmQ1MWFkLTc2MjgtNDAyOS1hZWY3LTU0MTAzYTQ1YjlhZSIsImlhdCI6MTcwNDcxNTcxMCwiZXhwIjoxNzA0NzE5MzEwfQ.I21A6O2eWtYmPnc_kjBmQIe1ZVbCCdqoj3_m_fKRHlU','2024-01-08 13:01:41','insert_patient'),('35bb1ccb-d4b7-4d14-831f-c71b6852d3e9','b56d51ad-7628-4029-aef7-54103a45b9ae','eyJhbGciOiJIUzI1NiIsInR5cCI6IkpXVCJ9.eyJpZCI6ImI1NmQ1MWFkLTc2MjgtNDAyOS1hZWY3LTU0MTAzYTQ1YjlhZSIsImlhdCI6MTcwNDc4MTEyMywiZXhwIjoxNzA0Nzg0NzIzfQ.Ihv5tde3TMHZk1IHcoEkcTIohf8ItTeLilDlREYXrJI','2024-01-09 06:41:39','get_list_assessment'),('3604da46-dc8f-48fa-b9fe-eca9e7cee9fe','b56d51ad-7628-4029-aef7-54103a45b9ae','eyJhbGciOiJIUzI1NiIsInR5cCI6IkpXVCJ9.eyJpZCI6ImI1NmQ1MWFkLTc2MjgtNDAyOS1hZWY3LTU0MTAzYTQ1YjlhZSIsImlhdCI6MTcwNDcyMTY5NywiZXhwIjoxNzA0NzI1Mjk3fQ.NiaELEvB1rVaCpcpbOOIDLiY4DzsGitkRAyfciqY0hE','2024-01-08 14:11:53','get_list_patient'),('377d8012-679f-4d63-aeed-607b3253d0d8','b56d51ad-7628-4029-aef7-54103a45b9ae','eyJhbGciOiJIUzI1NiIsInR5cCI6IkpXVCJ9.eyJpZCI6ImI1NmQ1MWFkLTc2MjgtNDAyOS1hZWY3LTU0MTAzYTQ1YjlhZSIsImlhdCI6MTcwNDcxMDIxMSwiZXhwIjoxNzA0NzEzODExfQ.ToVb19UogUo5d4abODJehtl4WAKVS52J8RPI8h3rHCA','2024-01-08 11:13:06','insert_icd'),('38bcdb63-e5d0-4d70-87d9-2bd03f17ccbc','b56d51ad-7628-4029-aef7-54103a45b9ae','eyJhbGciOiJIUzI1NiIsInR5cCI6IkpXVCJ9.eyJpZCI6ImI1NmQ1MWFkLTc2MjgtNDAyOS1hZWY3LTU0MTAzYTQ1YjlhZSIsImlhdCI6MTcwNDc4MTEyMywiZXhwIjoxNzA0Nzg0NzIzfQ.Ihv5tde3TMHZk1IHcoEkcTIohf8ItTeLilDlREYXrJI','2024-01-09 06:26:49','get_list_icd'),('3c29c596-2e4c-4ffd-8a01-f822a2f39082','b56d51ad-7628-4029-aef7-54103a45b9ae','eyJhbGciOiJIUzI1NiIsInR5cCI6IkpXVCJ9.eyJpZCI6ImI1NmQ1MWFkLTc2MjgtNDAyOS1hZWY3LTU0MTAzYTQ1YjlhZSIsImlhdCI6MTcwNDc4MTEyMywiZXhwIjoxNzA0Nzg0NzIzfQ.Ihv5tde3TMHZk1IHcoEkcTIohf8ItTeLilDlREYXrJI','2024-01-09 06:30:09','get_list_assessment'),('3c5105e0-7a46-4b70-a739-d74986ec0459','b56d51ad-7628-4029-aef7-54103a45b9ae','eyJhbGciOiJIUzI1NiIsInR5cCI6IkpXVCJ9.eyJpZCI6ImI1NmQ1MWFkLTc2MjgtNDAyOS1hZWY3LTU0MTAzYTQ1YjlhZSIsImlhdCI6MTcwNDc3MTI5NSwiZXhwIjoxNzA0Nzc0ODk1fQ.vhU14r2Ubz9sEtgREbfuT38D98I3HgzM3H090sAMRqQ','2024-01-09 03:34:55','login'),('3d779b30-ede1-4283-9a51-1b8c89787e52','b56d51ad-7628-4029-aef7-54103a45b9ae','eyJhbGciOiJIUzI1NiIsInR5cCI6IkpXVCJ9.eyJpZCI6ImI1NmQ1MWFkLTc2MjgtNDAyOS1hZWY3LTU0MTAzYTQ1YjlhZSIsImlhdCI6MTcwNDc5MTUwOSwiZXhwIjoxNzA0Nzk1MTA5fQ.rVBz-n7wwpEFi5pg5w3_ybAQNvd1J-tBKEGdPNQHPqs','2024-01-09 09:11:49','login'),('3eb8b661-5843-4a51-a3ab-17886bf7d526','b56d51ad-7628-4029-aef7-54103a45b9ae','eyJhbGciOiJIUzI1NiIsInR5cCI6IkpXVCJ9.eyJpZCI6ImI1NmQ1MWFkLTc2MjgtNDAyOS1hZWY3LTU0MTAzYTQ1YjlhZSIsImlhdCI6MTcwNDc4MTEyMywiZXhwIjoxNzA0Nzg0NzIzfQ.Ihv5tde3TMHZk1IHcoEkcTIohf8ItTeLilDlREYXrJI','2024-01-09 06:18:43','login'),('409cff76-8eb4-47e3-a7f4-93f884c5c5a1','b56d51ad-7628-4029-aef7-54103a45b9ae','eyJhbGciOiJIUzI1NiIsInR5cCI6IkpXVCJ9.eyJpZCI6ImI1NmQ1MWFkLTc2MjgtNDAyOS1hZWY3LTU0MTAzYTQ1YjlhZSIsImlhdCI6MTcwNDcxMDIxMSwiZXhwIjoxNzA0NzEzODExfQ.ToVb19UogUo5d4abODJehtl4WAKVS52J8RPI8h3rHCA','2024-01-08 10:36:51','login'),('421524d4-b5f4-4117-b76d-b22b42ee98c3','b56d51ad-7628-4029-aef7-54103a45b9ae','eyJhbGciOiJIUzI1NiIsInR5cCI6IkpXVCJ9.eyJpZCI6ImI1NmQ1MWFkLTc2MjgtNDAyOS1hZWY3LTU0MTAzYTQ1YjlhZSIsImlhdCI6MTcwNDc3NDk5NiwiZXhwIjoxNzA0Nzc4NTk2fQ.fPnnLmRfmmDH83j-Frxwipj-WRRfCt-rv0lrWWXiJq4','2024-01-09 05:04:08','get_list_assessment'),('430fd1e7-7644-4d2d-a56d-b886cff63e1c','b56d51ad-7628-4029-aef7-54103a45b9ae','eyJhbGciOiJIUzI1NiIsInR5cCI6IkpXVCJ9.eyJpZCI6ImI1NmQ1MWFkLTc2MjgtNDAyOS1hZWY3LTU0MTAzYTQ1YjlhZSIsImlhdCI6MTcwNDcxMDIxMSwiZXhwIjoxNzA0NzEzODExfQ.ToVb19UogUo5d4abODJehtl4WAKVS52J8RPI8h3rHCA','2024-01-08 10:42:35','get_list_icd'),('44b8aaf8-4dca-4cbe-a702-491281672cfc','b56d51ad-7628-4029-aef7-54103a45b9ae','eyJhbGciOiJIUzI1NiIsInR5cCI6IkpXVCJ9.eyJpZCI6ImI1NmQ1MWFkLTc2MjgtNDAyOS1hZWY3LTU0MTAzYTQ1YjlhZSIsImlhdCI6MTcwNDc4MTEyMywiZXhwIjoxNzA0Nzg0NzIzfQ.Ihv5tde3TMHZk1IHcoEkcTIohf8ItTeLilDlREYXrJI','2024-01-09 06:48:47','get_list_assessment'),('45ce98ff-55cb-4546-85ee-a83cf479ef6b','b56d51ad-7628-4029-aef7-54103a45b9ae','eyJhbGciOiJIUzI1NiIsInR5cCI6IkpXVCJ9.eyJpZCI6ImI1NmQ1MWFkLTc2MjgtNDAyOS1hZWY3LTU0MTAzYTQ1YjlhZSIsImlhdCI6MTcwNDcwNDcwNiwiZXhwIjoxNzA0NzA4MzA2fQ.-zlyWJiAcpQEeolFzze-u-LXllM26EWJlzTHxCOywfc','2024-01-08 09:05:06','login'),('45d3ee5d-91e3-4dbb-8db8-74b92d1c0d2d','b56d51ad-7628-4029-aef7-54103a45b9ae','eyJhbGciOiJIUzI1NiIsInR5cCI6IkpXVCJ9.eyJpZCI6ImI1NmQ1MWFkLTc2MjgtNDAyOS1hZWY3LTU0MTAzYTQ1YjlhZSIsImlhdCI6MTcwNDc3NDk5NiwiZXhwIjoxNzA0Nzc4NTk2fQ.fPnnLmRfmmDH83j-Frxwipj-WRRfCt-rv0lrWWXiJq4','2024-01-09 05:05:31','get_list_assessment'),('47a3b4f4-6b00-4d6f-b6ac-c1237b2ffd26','b56d51ad-7628-4029-aef7-54103a45b9ae','eyJhbGciOiJIUzI1NiIsInR5cCI6IkpXVCJ9.eyJpZCI6ImI1NmQ1MWFkLTc2MjgtNDAyOS1hZWY3LTU0MTAzYTQ1YjlhZSIsImlhdCI6MTcwNDcwNDcxMiwiZXhwIjoxNzA0NzA4MzEyfQ.f-CmTFIL4wVZT2kaL8KCaMSMyq_oqlNW5B4dBcBYxCo','2024-01-08 09:05:12','login'),('491f8148-2ce4-4caa-9bb0-10b6f270f149','b56d51ad-7628-4029-aef7-54103a45b9ae','eyJhbGciOiJIUzI1NiIsInR5cCI6IkpXVCJ9.eyJpZCI6ImI1NmQ1MWFkLTc2MjgtNDAyOS1hZWY3LTU0MTAzYTQ1YjlhZSIsImlhdCI6MTcwNDc4Njg0NCwiZXhwIjoxNzA0NzkwNDQ0fQ.F0tUkXAF46sAS-7pNyOuYdsJ2v93ZmtkgJI2xRxrkpo','2024-01-09 08:03:12','get_list_icd'),('4d825108-1a34-4d59-a139-3ac1364c4721','b56d51ad-7628-4029-aef7-54103a45b9ae','eyJhbGciOiJIUzI1NiIsInR5cCI6IkpXVCJ9.eyJpZCI6ImI1NmQ1MWFkLTc2MjgtNDAyOS1hZWY3LTU0MTAzYTQ1YjlhZSIsImlhdCI6MTcwNDcxMDIxMSwiZXhwIjoxNzA0NzEzODExfQ.ToVb19UogUo5d4abODJehtl4WAKVS52J8RPI8h3rHCA','2024-01-08 10:44:44','get_list_icd'),('4daa1e29-284b-46a2-910f-222442701a97','b56d51ad-7628-4029-aef7-54103a45b9ae','eyJhbGciOiJIUzI1NiIsInR5cCI6IkpXVCJ9.eyJpZCI6ImI1NmQ1MWFkLTc2MjgtNDAyOS1hZWY3LTU0MTAzYTQ1YjlhZSIsImlhdCI6MTcwNDcwNDM0MSwiZXhwIjoxNzA0NzA3OTQxfQ.nY8QqBZNsMI8NH3VmwNZC5PW24Gz6MsBiK_30WqXPpg','2024-01-08 08:59:01','login'),('4ddb1c29-897a-4056-8b1e-cc0eadf603fc','b56d51ad-7628-4029-aef7-54103a45b9ae','eyJhbGciOiJIUzI1NiIsInR5cCI6IkpXVCJ9.eyJpZCI6ImI1NmQ1MWFkLTc2MjgtNDAyOS1hZWY3LTU0MTAzYTQ1YjlhZSIsImlhdCI6MTcwNDc4MTEyMywiZXhwIjoxNzA0Nzg0NzIzfQ.Ihv5tde3TMHZk1IHcoEkcTIohf8ItTeLilDlREYXrJI','2024-01-09 06:47:52','get_list_assessment'),('50d29bec-c5d0-40e0-b90a-2600c3283a29','b56d51ad-7628-4029-aef7-54103a45b9ae','eyJhbGciOiJIUzI1NiIsInR5cCI6IkpXVCJ9.eyJpZCI6ImI1NmQ1MWFkLTc2MjgtNDAyOS1hZWY3LTU0MTAzYTQ1YjlhZSIsImlhdCI6MTcwNDc4OTMwOSwiZXhwIjoxNzA0NzkyOTA5fQ.-zexmHZDceHfFsRLMmIyUhP0mWRdDKTeGo1DJ44l4JM','2024-01-09 08:40:44','get_list_patient'),('51f0f1d4-24ce-4e34-b817-c9b27721c5a2','b56d51ad-7628-4029-aef7-54103a45b9ae','eyJhbGciOiJIUzI1NiIsInR5cCI6IkpXVCJ9.eyJpZCI6ImI1NmQ1MWFkLTc2MjgtNDAyOS1hZWY3LTU0MTAzYTQ1YjlhZSIsImlhdCI6MTcwNDc1NjE3NiwiZXhwIjoxNzA0NzU5Nzc2fQ.oJQQ5fe50Aab1x3YyxqcQwZKguddO1QPrsc2vsfIXJA','2024-01-08 23:22:56','login'),('5438f7f2-1676-4ebb-95dc-682fcc212813','b56d51ad-7628-4029-aef7-54103a45b9ae','eyJhbGciOiJIUzI1NiIsInR5cCI6IkpXVCJ9.eyJpZCI6ImI1NmQ1MWFkLTc2MjgtNDAyOS1hZWY3LTU0MTAzYTQ1YjlhZSIsImlhdCI6MTcwNDc4MTEyMywiZXhwIjoxNzA0Nzg0NzIzfQ.Ihv5tde3TMHZk1IHcoEkcTIohf8ItTeLilDlREYXrJI','2024-01-09 06:28:41','get_list_assessment'),('55fce145-15a7-4cb2-aaf6-53e3d42adbf0','b56d51ad-7628-4029-aef7-54103a45b9ae','eyJhbGciOiJIUzI1NiIsInR5cCI6IkpXVCJ9.eyJpZCI6ImI1NmQ1MWFkLTc2MjgtNDAyOS1hZWY3LTU0MTAzYTQ1YjlhZSIsImlhdCI6MTcwNDc3MTI5NSwiZXhwIjoxNzA0Nzc0ODk1fQ.vhU14r2Ubz9sEtgREbfuT38D98I3HgzM3H090sAMRqQ','2024-01-09 04:29:49','insert_pre_assessment'),('572d5210-b3c2-4cb9-bd1c-1558ca758b68','b56d51ad-7628-4029-aef7-54103a45b9ae','eyJhbGciOiJIUzI1NiIsInR5cCI6IkpXVCJ9.eyJpZCI6ImI1NmQ1MWFkLTc2MjgtNDAyOS1hZWY3LTU0MTAzYTQ1YjlhZSIsImlhdCI6MTcwNDcwOTc5NSwiZXhwIjoxNzA0NzEzMzk1fQ.O-1gEvDuvsUGMS8nmI6983kCw7gB36DrS38rDiB8foU','2024-01-08 10:36:16','get_list_icd'),('584e9c4f-b9af-4b3a-9203-c5d714fef636','b56d51ad-7628-4029-aef7-54103a45b9ae','eyJhbGciOiJIUzI1NiIsInR5cCI6IkpXVCJ9.eyJpZCI6ImI1NmQ1MWFkLTc2MjgtNDAyOS1hZWY3LTU0MTAzYTQ1YjlhZSIsImlhdCI6MTcwNDc3NDk5NiwiZXhwIjoxNzA0Nzc4NTk2fQ.fPnnLmRfmmDH83j-Frxwipj-WRRfCt-rv0lrWWXiJq4','2024-01-09 04:58:07','get_list_assessment'),('58584154-d413-4bff-a265-cdf72ed84c1f','b56d51ad-7628-4029-aef7-54103a45b9ae','eyJhbGciOiJIUzI1NiIsInR5cCI6IkpXVCJ9.eyJpZCI6ImI1NmQ1MWFkLTc2MjgtNDAyOS1hZWY3LTU0MTAzYTQ1YjlhZSIsImlhdCI6MTcwNDc4MTEyMywiZXhwIjoxNzA0Nzg0NzIzfQ.Ihv5tde3TMHZk1IHcoEkcTIohf8ItTeLilDlREYXrJI','2024-01-09 06:30:42','get_list_assessment'),('5abd6589-069e-47d8-9a65-fede5ceb5f70','b56d51ad-7628-4029-aef7-54103a45b9ae','eyJhbGciOiJIUzI1NiIsInR5cCI6IkpXVCJ9.eyJpZCI6ImI1NmQ1MWFkLTc2MjgtNDAyOS1hZWY3LTU0MTAzYTQ1YjlhZSIsImlhdCI6MTcwNDcyMDIwNSwiZXhwIjoxNzA0NzIzODA1fQ.xe7hjtYeJkD9Kb93_VihNtfspZ6Sb66fiCZcv0o_H1c','2024-01-08 13:23:25','login'),('5b6a616e-5e6f-49cf-a3eb-33304dc4bf3a','b56d51ad-7628-4029-aef7-54103a45b9ae','eyJhbGciOiJIUzI1NiIsInR5cCI6IkpXVCJ9.eyJpZCI6ImI1NmQ1MWFkLTc2MjgtNDAyOS1hZWY3LTU0MTAzYTQ1YjlhZSIsImlhdCI6MTcwNDc4NTUyMSwiZXhwIjoxNzA0Nzg5MTIxfQ.t3g1v0-cRJD2nYYSs_IzgEhces2fJmogFNF96vGpR4s','2024-01-09 07:35:52','get_list_icd'),('5b94f103-c8f7-49e2-a6ee-2445fa260073','b56d51ad-7628-4029-aef7-54103a45b9ae','eyJhbGciOiJIUzI1NiIsInR5cCI6IkpXVCJ9.eyJpZCI6ImI1NmQ1MWFkLTc2MjgtNDAyOS1hZWY3LTU0MTAzYTQ1YjlhZSIsImlhdCI6MTcwNDc1NjE3NiwiZXhwIjoxNzA0NzU5Nzc2fQ.oJQQ5fe50Aab1x3YyxqcQwZKguddO1QPrsc2vsfIXJA','2024-01-09 00:00:17','insert_pre_assessment'),('5edb1e06-cc21-497f-9d4c-1b09eee8823a','b56d51ad-7628-4029-aef7-54103a45b9ae','eyJhbGciOiJIUzI1NiIsInR5cCI6IkpXVCJ9.eyJpZCI6ImI1NmQ1MWFkLTc2MjgtNDAyOS1hZWY3LTU0MTAzYTQ1YjlhZSIsImlhdCI6MTcwNDc1NjE3NiwiZXhwIjoxNzA0NzU5Nzc2fQ.oJQQ5fe50Aab1x3YyxqcQwZKguddO1QPrsc2vsfIXJA','2024-01-08 23:38:33','insert_pre_assessment'),('60e581a5-b1ca-45c0-ba48-ccff0d92a01a','b56d51ad-7628-4029-aef7-54103a45b9ae','eyJhbGciOiJIUzI1NiIsInR5cCI6IkpXVCJ9.eyJpZCI6ImI1NmQ1MWFkLTc2MjgtNDAyOS1hZWY3LTU0MTAzYTQ1YjlhZSIsImlhdCI6MTcwNDc4MTEyMywiZXhwIjoxNzA0Nzg0NzIzfQ.Ihv5tde3TMHZk1IHcoEkcTIohf8ItTeLilDlREYXrJI','2024-01-09 06:19:16','get_list_assessment'),('61505373-adc8-4cf6-bfcf-ff8bce2b5280','b56d51ad-7628-4029-aef7-54103a45b9ae','eyJhbGciOiJIUzI1NiIsInR5cCI6IkpXVCJ9.eyJpZCI6ImI1NmQ1MWFkLTc2MjgtNDAyOS1hZWY3LTU0MTAzYTQ1YjlhZSIsImlhdCI6MTcwNDcwMjQwNiwiZXhwIjoxNzA0NzA2MDA2fQ.tE-x3vrBX4dgAZM9G5bVAP45rzh4HorSIwQNTaTx5BQ','2024-01-08 08:26:46','login'),('6205f4d8-69cb-4bff-9d23-90e346e3860b','b56d51ad-7628-4029-aef7-54103a45b9ae','eyJhbGciOiJIUzI1NiIsInR5cCI6IkpXVCJ9.eyJpZCI6ImI1NmQ1MWFkLTc2MjgtNDAyOS1hZWY3LTU0MTAzYTQ1YjlhZSIsImlhdCI6MTcwNDc4ODM3MSwiZXhwIjoxNzA0NzkxOTcxfQ.OVlm3FrafP_XAIaSiuFyoCYt4gYS8_YQ_sxOBKq_YtA','2024-01-09 08:28:42','insert_patient'),('64968d5f-6610-4b37-837d-02ee0d0040cc','b56d51ad-7628-4029-aef7-54103a45b9ae','eyJhbGciOiJIUzI1NiIsInR5cCI6IkpXVCJ9.eyJpZCI6ImI1NmQ1MWFkLTc2MjgtNDAyOS1hZWY3LTU0MTAzYTQ1YjlhZSIsImlhdCI6MTcwNDcxMDIxMSwiZXhwIjoxNzA0NzEzODExfQ.ToVb19UogUo5d4abODJehtl4WAKVS52J8RPI8h3rHCA','2024-01-08 10:52:33','get_list_icd'),('649c4eb0-a67e-4126-8476-c22f1db59690','b56d51ad-7628-4029-aef7-54103a45b9ae','eyJhbGciOiJIUzI1NiIsInR5cCI6IkpXVCJ9.eyJpZCI6ImI1NmQ1MWFkLTc2MjgtNDAyOS1hZWY3LTU0MTAzYTQ1YjlhZSIsImlhdCI6MTcwNDcwOTk3NywiZXhwIjoxNzA0NzEzNTc3fQ.mKsANYP1iWHNC6QUve5aqHOh0X_TpEDVbpyvQmMGfbk','2024-01-08 10:32:57','login'),('66bb7824-860e-4af5-937d-180ea0605f5a','b56d51ad-7628-4029-aef7-54103a45b9ae','eyJhbGciOiJIUzI1NiIsInR5cCI6IkpXVCJ9.eyJpZCI6ImI1NmQ1MWFkLTc2MjgtNDAyOS1hZWY3LTU0MTAzYTQ1YjlhZSIsImlhdCI6MTcwNDc5MDU5MywiZXhwIjoxNzA0Nzk0MTkzfQ.fTQ-CX2kP_BPV_BmzEYKcQH_mdAMcFGBh714AzWfD1g','2024-01-09 09:01:10','insert_pre_assessment'),('670fb3c0-8209-40f0-ab87-c2176fd2708e','b56d51ad-7628-4029-aef7-54103a45b9ae','eyJhbGciOiJIUzI1NiIsInR5cCI6IkpXVCJ9.eyJpZCI6ImI1NmQ1MWFkLTc2MjgtNDAyOS1hZWY3LTU0MTAzYTQ1YjlhZSIsImlhdCI6MTcwNDcwOTc5NSwiZXhwIjoxNzA0NzEzMzk1fQ.O-1gEvDuvsUGMS8nmI6983kCw7gB36DrS38rDiB8foU','2024-01-08 10:35:11','get_list_icd'),('68bc3187-7af7-49e9-bd14-3a933098d1c6','b56d51ad-7628-4029-aef7-54103a45b9ae','eyJhbGciOiJIUzI1NiIsInR5cCI6IkpXVCJ9.eyJpZCI6ImI1NmQ1MWFkLTc2MjgtNDAyOS1hZWY3LTU0MTAzYTQ1YjlhZSIsImlhdCI6MTcwNDc3NDk5NiwiZXhwIjoxNzA0Nzc4NTk2fQ.fPnnLmRfmmDH83j-Frxwipj-WRRfCt-rv0lrWWXiJq4','2024-01-09 05:04:53','get_list_assessment'),('6af83ef7-d3a5-456f-8834-343efcaf02a0','b56d51ad-7628-4029-aef7-54103a45b9ae','eyJhbGciOiJIUzI1NiIsInR5cCI6IkpXVCJ9.eyJpZCI6ImI1NmQ1MWFkLTc2MjgtNDAyOS1hZWY3LTU0MTAzYTQ1YjlhZSIsImlhdCI6MTcwNDcxMDIxMSwiZXhwIjoxNzA0NzEzODExfQ.ToVb19UogUo5d4abODJehtl4WAKVS52J8RPI8h3rHCA','2024-01-08 10:57:03','update_icd'),('6e464c56-49de-4d21-b434-88f2174741f3','b56d51ad-7628-4029-aef7-54103a45b9ae','eyJhbGciOiJIUzI1NiIsInR5cCI6IkpXVCJ9.eyJpZCI6ImI1NmQ1MWFkLTc2MjgtNDAyOS1hZWY3LTU0MTAzYTQ1YjlhZSIsImlhdCI6MTcwNDcyMDIwNSwiZXhwIjoxNzA0NzIzODA1fQ.xe7hjtYeJkD9Kb93_VihNtfspZ6Sb66fiCZcv0o_H1c','2024-01-08 13:27:49','update_patient'),('6e9e56ed-c387-4a0a-94cb-e3d2d4247196','b56d51ad-7628-4029-aef7-54103a45b9ae','eyJhbGciOiJIUzI1NiIsInR5cCI6IkpXVCJ9.eyJpZCI6ImI1NmQ1MWFkLTc2MjgtNDAyOS1hZWY3LTU0MTAzYTQ1YjlhZSIsImlhdCI6MTcwNDc4MTEyMywiZXhwIjoxNzA0Nzg0NzIzfQ.Ihv5tde3TMHZk1IHcoEkcTIohf8ItTeLilDlREYXrJI','2024-01-09 06:24:37','get_list_assessment'),('700b59c3-b5fa-4e75-b276-a2a001028030','b56d51ad-7628-4029-aef7-54103a45b9ae','eyJhbGciOiJIUzI1NiIsInR5cCI6IkpXVCJ9.eyJpZCI6ImI1NmQ1MWFkLTc2MjgtNDAyOS1hZWY3LTU0MTAzYTQ1YjlhZSIsImlhdCI6MTcwNDcxMDIxMSwiZXhwIjoxNzA0NzEzODExfQ.ToVb19UogUo5d4abODJehtl4WAKVS52J8RPI8h3rHCA','2024-01-08 10:54:20','get_list_icd'),('73a8f93b-58a4-478f-b5ca-3b7497c716fc','b56d51ad-7628-4029-aef7-54103a45b9ae','eyJhbGciOiJIUzI1NiIsInR5cCI6IkpXVCJ9.eyJpZCI6ImI1NmQ1MWFkLTc2MjgtNDAyOS1hZWY3LTU0MTAzYTQ1YjlhZSIsImlhdCI6MTcwNDc4MTEyMywiZXhwIjoxNzA0Nzg0NzIzfQ.Ihv5tde3TMHZk1IHcoEkcTIohf8ItTeLilDlREYXrJI','2024-01-09 06:45:15','get_list_assessment'),('785db3cf-997b-4619-bca7-06883332a4cb','b56d51ad-7628-4029-aef7-54103a45b9ae','eyJhbGciOiJIUzI1NiIsInR5cCI6IkpXVCJ9.eyJpZCI6ImI1NmQ1MWFkLTc2MjgtNDAyOS1hZWY3LTU0MTAzYTQ1YjlhZSIsImlhdCI6MTcwNDcyMTY5NywiZXhwIjoxNzA0NzI1Mjk3fQ.NiaELEvB1rVaCpcpbOOIDLiY4DzsGitkRAyfciqY0hE','2024-01-08 13:48:17','login'),('796c702f-2497-4692-8337-baa8dda066bb','b56d51ad-7628-4029-aef7-54103a45b9ae','eyJhbGciOiJIUzI1NiIsInR5cCI6IkpXVCJ9.eyJpZCI6ImI1NmQ1MWFkLTc2MjgtNDAyOS1hZWY3LTU0MTAzYTQ1YjlhZSIsImlhdCI6MTcwNDc3NDk5NiwiZXhwIjoxNzA0Nzc4NTk2fQ.fPnnLmRfmmDH83j-Frxwipj-WRRfCt-rv0lrWWXiJq4','2024-01-09 05:05:37','get_list_assessment'),('7b155756-7e37-46f6-85dc-4d311dc21256','b56d51ad-7628-4029-aef7-54103a45b9ae','eyJhbGciOiJIUzI1NiIsInR5cCI6IkpXVCJ9.eyJpZCI6ImI1NmQ1MWFkLTc2MjgtNDAyOS1hZWY3LTU0MTAzYTQ1YjlhZSIsImlhdCI6MTcwNDc3NDk5NiwiZXhwIjoxNzA0Nzc4NTk2fQ.fPnnLmRfmmDH83j-Frxwipj-WRRfCt-rv0lrWWXiJq4','2024-01-09 05:02:20','get_list_assessment'),('7bf3f75c-e4d9-4d7e-a1a8-4074c302c6fe','b56d51ad-7628-4029-aef7-54103a45b9ae','eyJhbGciOiJIUzI1NiIsInR5cCI6IkpXVCJ9.eyJpZCI6ImI1NmQ1MWFkLTc2MjgtNDAyOS1hZWY3LTU0MTAzYTQ1YjlhZSIsImlhdCI6MTcwNDcxMDIxMSwiZXhwIjoxNzA0NzEzODExfQ.ToVb19UogUo5d4abODJehtl4WAKVS52J8RPI8h3rHCA','2024-01-08 10:37:23','get_list_icd'),('7db604a0-dffc-4b8c-b42b-44f577369cef','b56d51ad-7628-4029-aef7-54103a45b9ae','eyJhbGciOiJIUzI1NiIsInR5cCI6IkpXVCJ9.eyJpZCI6ImI1NmQ1MWFkLTc2MjgtNDAyOS1hZWY3LTU0MTAzYTQ1YjlhZSIsImlhdCI6MTcwNDc3NDk5NiwiZXhwIjoxNzA0Nzc4NTk2fQ.fPnnLmRfmmDH83j-Frxwipj-WRRfCt-rv0lrWWXiJq4','2024-01-09 05:06:38','get_list_assessment'),('7def6c2c-cb7a-4702-8610-4702c3e25efa','b56d51ad-7628-4029-aef7-54103a45b9ae','eyJhbGciOiJIUzI1NiIsInR5cCI6IkpXVCJ9.eyJpZCI6ImI1NmQ1MWFkLTc2MjgtNDAyOS1hZWY3LTU0MTAzYTQ1YjlhZSIsImlhdCI6MTcwNDcwNDI2NiwiZXhwIjoxNzA0NzA3ODY2fQ.5IaQBGHAjFMfeIwlOgRXrMmXkVngS3KOm9UMOVq3C0w','2024-01-08 08:57:46','login'),('7ed676c1-c4e2-47fd-bf3d-4874dd896d55','b56d51ad-7628-4029-aef7-54103a45b9ae','eyJhbGciOiJIUzI1NiIsInR5cCI6IkpXVCJ9.eyJpZCI6ImI1NmQ1MWFkLTc2MjgtNDAyOS1hZWY3LTU0MTAzYTQ1YjlhZSIsImlhdCI6MTcwNDc3NDk5NiwiZXhwIjoxNzA0Nzc4NTk2fQ.fPnnLmRfmmDH83j-Frxwipj-WRRfCt-rv0lrWWXiJq4','2024-01-09 05:05:36','get_list_assessment'),('80b2f83c-7415-44f5-a78d-969d29505dd1','b56d51ad-7628-4029-aef7-54103a45b9ae','eyJhbGciOiJIUzI1NiIsInR5cCI6IkpXVCJ9.eyJpZCI6ImI1NmQ1MWFkLTc2MjgtNDAyOS1hZWY3LTU0MTAzYTQ1YjlhZSIsImlhdCI6MTcwNDcxMDIxMSwiZXhwIjoxNzA0NzEzODExfQ.ToVb19UogUo5d4abODJehtl4WAKVS52J8RPI8h3rHCA','2024-01-08 11:06:29','update_icd'),('81bbf668-bc6f-4241-8e2a-10cd972ebc79','b56d51ad-7628-4029-aef7-54103a45b9ae','eyJhbGciOiJIUzI1NiIsInR5cCI6IkpXVCJ9.eyJpZCI6ImI1NmQ1MWFkLTc2MjgtNDAyOS1hZWY3LTU0MTAzYTQ1YjlhZSIsImlhdCI6MTcwNDc4OTMwOSwiZXhwIjoxNzA0NzkyOTA5fQ.-zexmHZDceHfFsRLMmIyUhP0mWRdDKTeGo1DJ44l4JM','2024-01-09 08:35:09','login'),('81dfeb7e-8029-4237-ab70-5397543f06a8','b56d51ad-7628-4029-aef7-54103a45b9ae','eyJhbGciOiJIUzI1NiIsInR5cCI6IkpXVCJ9.eyJpZCI6ImI1NmQ1MWFkLTc2MjgtNDAyOS1hZWY3LTU0MTAzYTQ1YjlhZSIsImlhdCI6MTcwNDcxNTcxMCwiZXhwIjoxNzA0NzE5MzEwfQ.I21A6O2eWtYmPnc_kjBmQIe1ZVbCCdqoj3_m_fKRHlU','2024-01-08 12:51:53','insert_patient'),('851466ef-8619-45cf-b0ea-26dc59c2cda0','b56d51ad-7628-4029-aef7-54103a45b9ae','eyJhbGciOiJIUzI1NiIsInR5cCI6IkpXVCJ9.eyJpZCI6ImI1NmQ1MWFkLTc2MjgtNDAyOS1hZWY3LTU0MTAzYTQ1YjlhZSIsImlhdCI6MTcwNDc5MDU5MywiZXhwIjoxNzA0Nzk0MTkzfQ.fTQ-CX2kP_BPV_BmzEYKcQH_mdAMcFGBh714AzWfD1g','2024-01-09 08:59:57','insert_pre_assessment'),('87609cd9-0fbf-45ba-ba4f-db1cad3bcaa5','b56d51ad-7628-4029-aef7-54103a45b9ae','eyJhbGciOiJIUzI1NiIsInR5cCI6IkpXVCJ9.eyJpZCI6ImI1NmQ1MWFkLTc2MjgtNDAyOS1hZWY3LTU0MTAzYTQ1YjlhZSIsImlhdCI6MTcwNDc4MTEyMywiZXhwIjoxNzA0Nzg0NzIzfQ.Ihv5tde3TMHZk1IHcoEkcTIohf8ItTeLilDlREYXrJI','2024-01-09 06:44:19','get_list_assessment'),('876cce46-c377-4e7f-9363-9ec5e54fb4ae','b56d51ad-7628-4029-aef7-54103a45b9ae','eyJhbGciOiJIUzI1NiIsInR5cCI6IkpXVCJ9.eyJpZCI6ImI1NmQ1MWFkLTc2MjgtNDAyOS1hZWY3LTU0MTAzYTQ1YjlhZSIsImlhdCI6MTcwNDcwNDcxNCwiZXhwIjoxNzA0NzA4MzE0fQ.MWGwoCpAVn_hkdU8VUA0qh0m5Dnd2REYasEm8u8wMP4','2024-01-08 09:05:14','login'),('88029bc2-3acf-48ad-b28e-bc00e242737e','b56d51ad-7628-4029-aef7-54103a45b9ae','eyJhbGciOiJIUzI1NiIsInR5cCI6IkpXVCJ9.eyJpZCI6ImI1NmQ1MWFkLTc2MjgtNDAyOS1hZWY3LTU0MTAzYTQ1YjlhZSIsImlhdCI6MTcwNDc3NDk5NiwiZXhwIjoxNzA0Nzc4NTk2fQ.fPnnLmRfmmDH83j-Frxwipj-WRRfCt-rv0lrWWXiJq4','2024-01-09 05:10:44','get_list_assessment'),('886e0731-bad7-486e-b5ec-f67bc4ec949b','b56d51ad-7628-4029-aef7-54103a45b9ae','eyJhbGciOiJIUzI1NiIsInR5cCI6IkpXVCJ9.eyJpZCI6ImI1NmQ1MWFkLTc2MjgtNDAyOS1hZWY3LTU0MTAzYTQ1YjlhZSIsImlhdCI6MTcwNDc3MTI5NSwiZXhwIjoxNzA0Nzc0ODk1fQ.vhU14r2Ubz9sEtgREbfuT38D98I3HgzM3H090sAMRqQ','2024-01-09 04:09:10','insert_pre_assessment'),('89043784-51d1-4142-b41c-73f1e32b54b9','b56d51ad-7628-4029-aef7-54103a45b9ae','eyJhbGciOiJIUzI1NiIsInR5cCI6IkpXVCJ9.eyJpZCI6ImI1NmQ1MWFkLTc2MjgtNDAyOS1hZWY3LTU0MTAzYTQ1YjlhZSIsImlhdCI6MTcwNDc4MTEyMywiZXhwIjoxNzA0Nzg0NzIzfQ.Ihv5tde3TMHZk1IHcoEkcTIohf8ItTeLilDlREYXrJI','2024-01-09 06:46:02','get_list_assessment'),('8d7e4ace-d02f-4da6-8c35-af62cfeeb07d','b56d51ad-7628-4029-aef7-54103a45b9ae','eyJhbGciOiJIUzI1NiIsInR5cCI6IkpXVCJ9.eyJpZCI6ImI1NmQ1MWFkLTc2MjgtNDAyOS1hZWY3LTU0MTAzYTQ1YjlhZSIsImlhdCI6MTcwNDc4NTUyMSwiZXhwIjoxNzA0Nzg5MTIxfQ.t3g1v0-cRJD2nYYSs_IzgEhces2fJmogFNF96vGpR4s','2024-01-09 07:33:27','insert_icd'),('8e550dfa-48c5-40c8-8b20-8467132f1a8a','b56d51ad-7628-4029-aef7-54103a45b9ae','eyJhbGciOiJIUzI1NiIsInR5cCI6IkpXVCJ9.eyJpZCI6ImI1NmQ1MWFkLTc2MjgtNDAyOS1hZWY3LTU0MTAzYTQ1YjlhZSIsImlhdCI6MTcwNDcwNDMwNiwiZXhwIjoxNzA0NzA3OTA2fQ.aceVgsN6yP-ySVTcl-a7uyWa2gch7ljWl3ejFQjXEBU','2024-01-08 08:58:26','login'),('90b559d3-f61a-4254-9f95-6a9d6a767e44','b56d51ad-7628-4029-aef7-54103a45b9ae','eyJhbGciOiJIUzI1NiIsInR5cCI6IkpXVCJ9.eyJpZCI6ImI1NmQ1MWFkLTc2MjgtNDAyOS1hZWY3LTU0MTAzYTQ1YjlhZSIsImlhdCI6MTcwNDc4MTEyMywiZXhwIjoxNzA0Nzg0NzIzfQ.Ihv5tde3TMHZk1IHcoEkcTIohf8ItTeLilDlREYXrJI','2024-01-09 06:46:22','get_list_assessment'),('91aad5f7-75b2-41f6-aca2-5b53e5cbd6c1','b56d51ad-7628-4029-aef7-54103a45b9ae','eyJhbGciOiJIUzI1NiIsInR5cCI6IkpXVCJ9.eyJpZCI6ImI1NmQ1MWFkLTc2MjgtNDAyOS1hZWY3LTU0MTAzYTQ1YjlhZSIsImlhdCI6MTcwNDc4MTEyMywiZXhwIjoxNzA0Nzg0NzIzfQ.Ihv5tde3TMHZk1IHcoEkcTIohf8ItTeLilDlREYXrJI','2024-01-09 06:27:34','get_list_assessment'),('940514d5-17d3-41e4-a31f-a99b65c535fa','b56d51ad-7628-4029-aef7-54103a45b9ae','eyJhbGciOiJIUzI1NiIsInR5cCI6IkpXVCJ9.eyJpZCI6ImI1NmQ1MWFkLTc2MjgtNDAyOS1hZWY3LTU0MTAzYTQ1YjlhZSIsImlhdCI6MTcwNDc3NDk5NiwiZXhwIjoxNzA0Nzc4NTk2fQ.fPnnLmRfmmDH83j-Frxwipj-WRRfCt-rv0lrWWXiJq4','2024-01-09 04:36:36','login'),('95b62780-e14e-4c41-8ee3-4ae76296a2b2','b56d51ad-7628-4029-aef7-54103a45b9ae','eyJhbGciOiJIUzI1NiIsInR5cCI6IkpXVCJ9.eyJpZCI6ImI1NmQ1MWFkLTc2MjgtNDAyOS1hZWY3LTU0MTAzYTQ1YjlhZSIsImlhdCI6MTcwNDc3NDk5NiwiZXhwIjoxNzA0Nzc4NTk2fQ.fPnnLmRfmmDH83j-Frxwipj-WRRfCt-rv0lrWWXiJq4','2024-01-09 05:02:24','get_list_assessment'),('9667804d-f32f-4b62-84f9-4e664178530f','b56d51ad-7628-4029-aef7-54103a45b9ae','eyJhbGciOiJIUzI1NiIsInR5cCI6IkpXVCJ9.eyJpZCI6ImI1NmQ1MWFkLTc2MjgtNDAyOS1hZWY3LTU0MTAzYTQ1YjlhZSIsImlhdCI6MTcwNDcyMDIwNSwiZXhwIjoxNzA0NzIzODA1fQ.xe7hjtYeJkD9Kb93_VihNtfspZ6Sb66fiCZcv0o_H1c','2024-01-08 13:27:03','update_patient'),('98aeb303-e06d-4f34-96b7-225d22fbdf55','b56d51ad-7628-4029-aef7-54103a45b9ae','eyJhbGciOiJIUzI1NiIsInR5cCI6IkpXVCJ9.eyJpZCI6ImI1NmQ1MWFkLTc2MjgtNDAyOS1hZWY3LTU0MTAzYTQ1YjlhZSIsImlhdCI6MTcwNDc3NDk5NiwiZXhwIjoxNzA0Nzc4NTk2fQ.fPnnLmRfmmDH83j-Frxwipj-WRRfCt-rv0lrWWXiJq4','2024-01-09 05:03:18','get_list_assessment'),('99afc0f7-ccc3-46a5-b032-1926565fc83f','b56d51ad-7628-4029-aef7-54103a45b9ae','eyJhbGciOiJIUzI1NiIsInR5cCI6IkpXVCJ9.eyJpZCI6ImI1NmQ1MWFkLTc2MjgtNDAyOS1hZWY3LTU0MTAzYTQ1YjlhZSIsImlhdCI6MTcwNDc3NDk5NiwiZXhwIjoxNzA0Nzc4NTk2fQ.fPnnLmRfmmDH83j-Frxwipj-WRRfCt-rv0lrWWXiJq4','2024-01-09 04:36:50','get_list_assessment'),('9b7dccba-571a-4cba-8423-49d475daf64c','b56d51ad-7628-4029-aef7-54103a45b9ae','eyJhbGciOiJIUzI1NiIsInR5cCI6IkpXVCJ9.eyJpZCI6ImI1NmQ1MWFkLTc2MjgtNDAyOS1hZWY3LTU0MTAzYTQ1YjlhZSIsImlhdCI6MTcwNDc3MTI5NSwiZXhwIjoxNzA0Nzc0ODk1fQ.vhU14r2Ubz9sEtgREbfuT38D98I3HgzM3H090sAMRqQ','2024-01-09 03:35:24','get_list_icd'),('a0f34799-b344-413e-9d6f-2eb2eb54f0f6','b56d51ad-7628-4029-aef7-54103a45b9ae','eyJhbGciOiJIUzI1NiIsInR5cCI6IkpXVCJ9.eyJpZCI6ImI1NmQ1MWFkLTc2MjgtNDAyOS1hZWY3LTU0MTAzYTQ1YjlhZSIsImlhdCI6MTcwNDc5MTUwOSwiZXhwIjoxNzA0Nzk1MTA5fQ.rVBz-n7wwpEFi5pg5w3_ybAQNvd1J-tBKEGdPNQHPqs','2024-01-09 09:12:55','update_pre_assessment'),('a2cc41b1-a883-44d2-8821-1656bd0057ee','b56d51ad-7628-4029-aef7-54103a45b9ae','eyJhbGciOiJIUzI1NiIsInR5cCI6IkpXVCJ9.eyJpZCI6ImI1NmQ1MWFkLTc2MjgtNDAyOS1hZWY3LTU0MTAzYTQ1YjlhZSIsImlhdCI6MTcwNDc4MTEyMywiZXhwIjoxNzA0Nzg0NzIzfQ.Ihv5tde3TMHZk1IHcoEkcTIohf8ItTeLilDlREYXrJI','2024-01-09 06:37:56','get_list_assessment'),('a35fa1b0-cce5-4669-8c5f-2e37a6c188a0','b56d51ad-7628-4029-aef7-54103a45b9ae','eyJhbGciOiJIUzI1NiIsInR5cCI6IkpXVCJ9.eyJpZCI6ImI1NmQ1MWFkLTc2MjgtNDAyOS1hZWY3LTU0MTAzYTQ1YjlhZSIsImlhdCI6MTcwNDc3NDk5NiwiZXhwIjoxNzA0Nzc4NTk2fQ.fPnnLmRfmmDH83j-Frxwipj-WRRfCt-rv0lrWWXiJq4','2024-01-09 05:03:44','get_list_assessment'),('a503d117-aa09-4ae6-8166-5ded19035e93','b56d51ad-7628-4029-aef7-54103a45b9ae','eyJhbGciOiJIUzI1NiIsInR5cCI6IkpXVCJ9.eyJpZCI6ImI1NmQ1MWFkLTc2MjgtNDAyOS1hZWY3LTU0MTAzYTQ1YjlhZSIsImlhdCI6MTcwNDc3NDk5NiwiZXhwIjoxNzA0Nzc4NTk2fQ.fPnnLmRfmmDH83j-Frxwipj-WRRfCt-rv0lrWWXiJq4','2024-01-09 05:09:44','get_list_assessment'),('a56547b9-6f22-45a6-b34f-d9ca0ba808ec','b56d51ad-7628-4029-aef7-54103a45b9ae','eyJhbGciOiJIUzI1NiIsInR5cCI6IkpXVCJ9.eyJpZCI6ImI1NmQ1MWFkLTc2MjgtNDAyOS1hZWY3LTU0MTAzYTQ1YjlhZSIsImlhdCI6MTcwNDcxNTcxMCwiZXhwIjoxNzA0NzE5MzEwfQ.I21A6O2eWtYmPnc_kjBmQIe1ZVbCCdqoj3_m_fKRHlU','2024-01-08 12:26:12','insert_patient'),('a711a535-d060-4a57-93a8-410bba85be6e','b56d51ad-7628-4029-aef7-54103a45b9ae','eyJhbGciOiJIUzI1NiIsInR5cCI6IkpXVCJ9.eyJpZCI6ImI1NmQ1MWFkLTc2MjgtNDAyOS1hZWY3LTU0MTAzYTQ1YjlhZSIsImlhdCI6MTcwNDc1NjE3NiwiZXhwIjoxNzA0NzU5Nzc2fQ.oJQQ5fe50Aab1x3YyxqcQwZKguddO1QPrsc2vsfIXJA','2024-01-08 23:36:18','insert_pre_assessment'),('a73a29fe-ff40-4a84-a7dc-a57040fc053f','b56d51ad-7628-4029-aef7-54103a45b9ae','eyJhbGciOiJIUzI1NiIsInR5cCI6IkpXVCJ9.eyJpZCI6ImI1NmQ1MWFkLTc2MjgtNDAyOS1hZWY3LTU0MTAzYTQ1YjlhZSIsImlhdCI6MTcwNDcwMjQwNiwiZXhwIjoxNzA0NzA2MDA2fQ.tE-x3vrBX4dgAZM9G5bVAP45rzh4HorSIwQNTaTx5BQ','2024-01-08 09:13:36','insert_icd'),('abc27ce1-76d5-488a-931f-a0f88b4de595','b56d51ad-7628-4029-aef7-54103a45b9ae','eyJhbGciOiJIUzI1NiIsInR5cCI6IkpXVCJ9.eyJpZCI6ImI1NmQ1MWFkLTc2MjgtNDAyOS1hZWY3LTU0MTAzYTQ1YjlhZSIsImlhdCI6MTcwNDc5MjcwNiwiZXhwIjoxNzA0Nzk2MzA2fQ.fWCFQ1eDO2-ELdzdCK7aILjV1EGMUGoz54GbuIQM1pM','2024-01-09 09:31:46','login'),('abf0d951-cc65-4327-8b5d-6ba9103d2964','b56d51ad-7628-4029-aef7-54103a45b9ae','eyJhbGciOiJIUzI1NiIsInR5cCI6IkpXVCJ9.eyJpZCI6ImI1NmQ1MWFkLTc2MjgtNDAyOS1hZWY3LTU0MTAzYTQ1YjlhZSIsImlhdCI6MTcwNDcyNTI2MywiZXhwIjoxNzA0NzI4ODYzfQ.zGyqxFwkyvNWjhahdWFU8Uw_Xdt9g6R2Ws9z2MCaKKk','2024-01-08 14:47:43','login'),('aeba4c60-b73e-4c00-876e-5b77932351b6','b56d51ad-7628-4029-aef7-54103a45b9ae','eyJhbGciOiJIUzI1NiIsInR5cCI6IkpXVCJ9.eyJpZCI6ImI1NmQ1MWFkLTc2MjgtNDAyOS1hZWY3LTU0MTAzYTQ1YjlhZSIsImlhdCI6MTcwNDc3NDk5NiwiZXhwIjoxNzA0Nzc4NTk2fQ.fPnnLmRfmmDH83j-Frxwipj-WRRfCt-rv0lrWWXiJq4','2024-01-09 04:39:17','insert_pre_assessment'),('b0cc5649-29ac-4840-b4f3-620fec0fe370','b56d51ad-7628-4029-aef7-54103a45b9ae','eyJhbGciOiJIUzI1NiIsInR5cCI6IkpXVCJ9.eyJpZCI6ImI1NmQ1MWFkLTc2MjgtNDAyOS1hZWY3LTU0MTAzYTQ1YjlhZSIsImlhdCI6MTcwNDc4MTEyMywiZXhwIjoxNzA0Nzg0NzIzfQ.Ihv5tde3TMHZk1IHcoEkcTIohf8ItTeLilDlREYXrJI','2024-01-09 06:38:13','get_list_assessment'),('b0d965b3-6b61-481c-864c-6ef9ae550bc0','b56d51ad-7628-4029-aef7-54103a45b9ae','eyJhbGciOiJIUzI1NiIsInR5cCI6IkpXVCJ9.eyJpZCI6ImI1NmQ1MWFkLTc2MjgtNDAyOS1hZWY3LTU0MTAzYTQ1YjlhZSIsImlhdCI6MTcwNDc1NjE3NiwiZXhwIjoxNzA0NzU5Nzc2fQ.oJQQ5fe50Aab1x3YyxqcQwZKguddO1QPrsc2vsfIXJA','2024-01-08 23:52:47','insert_pre_assessment'),('b24c10be-cf64-4af4-9bfa-ffb9b1e9b9ae','b56d51ad-7628-4029-aef7-54103a45b9ae','eyJhbGciOiJIUzI1NiIsInR5cCI6IkpXVCJ9.eyJpZCI6ImI1NmQ1MWFkLTc2MjgtNDAyOS1hZWY3LTU0MTAzYTQ1YjlhZSIsImlhdCI6MTcwNDc3NDk5NiwiZXhwIjoxNzA0Nzc4NTk2fQ.fPnnLmRfmmDH83j-Frxwipj-WRRfCt-rv0lrWWXiJq4','2024-01-09 05:02:19','get_list_assessment'),('b5ae6a3f-b984-41ab-8b7c-d820190b68fa','b56d51ad-7628-4029-aef7-54103a45b9ae','eyJhbGciOiJIUzI1NiIsInR5cCI6IkpXVCJ9.eyJpZCI6ImI1NmQ1MWFkLTc2MjgtNDAyOS1hZWY3LTU0MTAzYTQ1YjlhZSIsImlhdCI6MTcwNDcwOTc5NSwiZXhwIjoxNzA0NzEzMzk1fQ.O-1gEvDuvsUGMS8nmI6983kCw7gB36DrS38rDiB8foU','2024-01-08 10:29:55','login'),('b6e017e9-ed53-43ef-a16f-3621335dc4a9','b56d51ad-7628-4029-aef7-54103a45b9ae','eyJhbGciOiJIUzI1NiIsInR5cCI6IkpXVCJ9.eyJpZCI6ImI1NmQ1MWFkLTc2MjgtNDAyOS1hZWY3LTU0MTAzYTQ1YjlhZSIsImlhdCI6MTcwNDcwOTc5NSwiZXhwIjoxNzA0NzEzMzk1fQ.O-1gEvDuvsUGMS8nmI6983kCw7gB36DrS38rDiB8foU','2024-01-08 10:31:17','get_list_icd'),('b934622f-ad0f-4cb2-9303-aa3a00aa6a08','b56d51ad-7628-4029-aef7-54103a45b9ae','eyJhbGciOiJIUzI1NiIsInR5cCI6IkpXVCJ9.eyJpZCI6ImI1NmQ1MWFkLTc2MjgtNDAyOS1hZWY3LTU0MTAzYTQ1YjlhZSIsImlhdCI6MTcwNDcwNDcxNCwiZXhwIjoxNzA0NzA4MzE0fQ.MWGwoCpAVn_hkdU8VUA0qh0m5Dnd2REYasEm8u8wMP4','2024-01-08 09:28:52','update_icd'),('b938395f-12ad-480d-965a-80cd2fd2eaec','b56d51ad-7628-4029-aef7-54103a45b9ae','eyJhbGciOiJIUzI1NiIsInR5cCI6IkpXVCJ9.eyJpZCI6ImI1NmQ1MWFkLTc2MjgtNDAyOS1hZWY3LTU0MTAzYTQ1YjlhZSIsImlhdCI6MTcwNDc1NjE3NiwiZXhwIjoxNzA0NzU5Nzc2fQ.oJQQ5fe50Aab1x3YyxqcQwZKguddO1QPrsc2vsfIXJA','2024-01-08 23:37:48','insert_pre_assessment'),('bb36e6d4-7eae-4d2d-acf3-013223a3d7ed','b56d51ad-7628-4029-aef7-54103a45b9ae','eyJhbGciOiJIUzI1NiIsInR5cCI6IkpXVCJ9.eyJpZCI6ImI1NmQ1MWFkLTc2MjgtNDAyOS1hZWY3LTU0MTAzYTQ1YjlhZSIsImlhdCI6MTcwNDc4MTEyMywiZXhwIjoxNzA0Nzg0NzIzfQ.Ihv5tde3TMHZk1IHcoEkcTIohf8ItTeLilDlREYXrJI','2024-01-09 06:22:15','get_list_assessment'),('c2741407-ccd7-4242-b6d0-290b69720731','b56d51ad-7628-4029-aef7-54103a45b9ae','eyJhbGciOiJIUzI1NiIsInR5cCI6IkpXVCJ9.eyJpZCI6ImI1NmQ1MWFkLTc2MjgtNDAyOS1hZWY3LTU0MTAzYTQ1YjlhZSIsImlhdCI6MTcwNDcyMDIwNSwiZXhwIjoxNzA0NzIzODA1fQ.xe7hjtYeJkD9Kb93_VihNtfspZ6Sb66fiCZcv0o_H1c','2024-01-08 13:24:25','update_patient'),('c653c3d2-dfc7-4f78-afd0-e7b42cdfb1b0','b56d51ad-7628-4029-aef7-54103a45b9ae','eyJhbGciOiJIUzI1NiIsInR5cCI6IkpXVCJ9.eyJpZCI6ImI1NmQ1MWFkLTc2MjgtNDAyOS1hZWY3LTU0MTAzYTQ1YjlhZSIsImlhdCI6MTcwNDc5MDU5MywiZXhwIjoxNzA0Nzk0MTkzfQ.fTQ-CX2kP_BPV_BmzEYKcQH_mdAMcFGBh714AzWfD1g','2024-01-09 08:56:33','login'),('c8e9088f-b61a-4798-81d9-45fdbd58d2cb','b56d51ad-7628-4029-aef7-54103a45b9ae','eyJhbGciOiJIUzI1NiIsInR5cCI6IkpXVCJ9.eyJpZCI6ImI1NmQ1MWFkLTc2MjgtNDAyOS1hZWY3LTU0MTAzYTQ1YjlhZSIsImlhdCI6MTcwNDc2Mzk2NywiZXhwIjoxNzA0NzY3NTY3fQ.ZE-MMy1T8yj-TAoeE8wZiLORip1579aZH-aOTWUf-js','2024-01-09 01:38:29','update_pre_assessment'),('caf00d83-50e0-4419-b6c2-7771dbaca60c','b56d51ad-7628-4029-aef7-54103a45b9ae','eyJhbGciOiJIUzI1NiIsInR5cCI6IkpXVCJ9.eyJpZCI6ImI1NmQ1MWFkLTc2MjgtNDAyOS1hZWY3LTU0MTAzYTQ1YjlhZSIsImlhdCI6MTcwNDc5MDU5MywiZXhwIjoxNzA0Nzk0MTkzfQ.fTQ-CX2kP_BPV_BmzEYKcQH_mdAMcFGBh714AzWfD1g','2024-01-09 09:01:17','insert_pre_assessment'),('cde12332-e0de-4ccf-bf38-eb2be29f237e','b56d51ad-7628-4029-aef7-54103a45b9ae','eyJhbGciOiJIUzI1NiIsInR5cCI6IkpXVCJ9.eyJpZCI6ImI1NmQ1MWFkLTc2MjgtNDAyOS1hZWY3LTU0MTAzYTQ1YjlhZSIsImlhdCI6MTcwNDc1NjE3NiwiZXhwIjoxNzA0NzU5Nzc2fQ.oJQQ5fe50Aab1x3YyxqcQwZKguddO1QPrsc2vsfIXJA','2024-01-09 00:19:50','insert_pre_assessment'),('d5cb99c1-2083-4cb4-966e-b1b20a5399a2','b56d51ad-7628-4029-aef7-54103a45b9ae','eyJhbGciOiJIUzI1NiIsInR5cCI6IkpXVCJ9.eyJpZCI6ImI1NmQ1MWFkLTc2MjgtNDAyOS1hZWY3LTU0MTAzYTQ1YjlhZSIsImlhdCI6MTcwNDc3MTI5NSwiZXhwIjoxNzA0Nzc0ODk1fQ.vhU14r2Ubz9sEtgREbfuT38D98I3HgzM3H090sAMRqQ','2024-01-09 04:31:12','insert_pre_assessment'),('d5f2ba9f-0322-4c06-9fff-d3e216c130c6','b56d51ad-7628-4029-aef7-54103a45b9ae','eyJhbGciOiJIUzI1NiIsInR5cCI6IkpXVCJ9.eyJpZCI6ImI1NmQ1MWFkLTc2MjgtNDAyOS1hZWY3LTU0MTAzYTQ1YjlhZSIsImlhdCI6MTcwNDcwOTc5NSwiZXhwIjoxNzA0NzEzMzk1fQ.O-1gEvDuvsUGMS8nmI6983kCw7gB36DrS38rDiB8foU','2024-01-08 10:32:28','get_list_icd'),('d68980ed-22b3-4ae1-a6e8-4a2cda960bf1','b56d51ad-7628-4029-aef7-54103a45b9ae','eyJhbGciOiJIUzI1NiIsInR5cCI6IkpXVCJ9.eyJpZCI6ImI1NmQ1MWFkLTc2MjgtNDAyOS1hZWY3LTU0MTAzYTQ1YjlhZSIsImlhdCI6MTcwNDc1NjE3NiwiZXhwIjoxNzA0NzU5Nzc2fQ.oJQQ5fe50Aab1x3YyxqcQwZKguddO1QPrsc2vsfIXJA','2024-01-09 00:21:09','insert_pre_assessment'),('d723023a-1977-4343-b2e6-ccc968d6abd5','b56d51ad-7628-4029-aef7-54103a45b9ae','eyJhbGciOiJIUzI1NiIsInR5cCI6IkpXVCJ9.eyJpZCI6ImI1NmQ1MWFkLTc2MjgtNDAyOS1hZWY3LTU0MTAzYTQ1YjlhZSIsImlhdCI6MTcwNDc4MTEyMywiZXhwIjoxNzA0Nzg0NzIzfQ.Ihv5tde3TMHZk1IHcoEkcTIohf8ItTeLilDlREYXrJI','2024-01-09 06:44:09','get_list_assessment'),('d736271c-5cd7-470d-bf93-610595850c1c','b56d51ad-7628-4029-aef7-54103a45b9ae','eyJhbGciOiJIUzI1NiIsInR5cCI6IkpXVCJ9.eyJpZCI6ImI1NmQ1MWFkLTc2MjgtNDAyOS1hZWY3LTU0MTAzYTQ1YjlhZSIsImlhdCI6MTcwNDc4ODM3MSwiZXhwIjoxNzA0NzkxOTcxfQ.OVlm3FrafP_XAIaSiuFyoCYt4gYS8_YQ_sxOBKq_YtA','2024-01-09 08:19:31','login'),('d84bcae8-d2f4-4db4-ba8b-c72ce1f15a60','b56d51ad-7628-4029-aef7-54103a45b9ae','eyJhbGciOiJIUzI1NiIsInR5cCI6IkpXVCJ9.eyJpZCI6ImI1NmQ1MWFkLTc2MjgtNDAyOS1hZWY3LTU0MTAzYTQ1YjlhZSIsImlhdCI6MTcwNDcxNTcxMCwiZXhwIjoxNzA0NzE5MzEwfQ.I21A6O2eWtYmPnc_kjBmQIe1ZVbCCdqoj3_m_fKRHlU','2024-01-08 12:08:30','login'),('d975a9e1-5139-458d-9d7f-1bf44af690ad','b56d51ad-7628-4029-aef7-54103a45b9ae','eyJhbGciOiJIUzI1NiIsInR5cCI6IkpXVCJ9.eyJpZCI6ImI1NmQ1MWFkLTc2MjgtNDAyOS1hZWY3LTU0MTAzYTQ1YjlhZSIsImlhdCI6MTcwNDcxNTcxMCwiZXhwIjoxNzA0NzE5MzEwfQ.I21A6O2eWtYmPnc_kjBmQIe1ZVbCCdqoj3_m_fKRHlU','2024-01-08 13:01:55','insert_patient'),('db074b61-fb68-4010-8335-337338c96db9','b56d51ad-7628-4029-aef7-54103a45b9ae','eyJhbGciOiJIUzI1NiIsInR5cCI6IkpXVCJ9.eyJpZCI6ImI1NmQ1MWFkLTc2MjgtNDAyOS1hZWY3LTU0MTAzYTQ1YjlhZSIsImlhdCI6MTcwNDc3MTI5NSwiZXhwIjoxNzA0Nzc0ODk1fQ.vhU14r2Ubz9sEtgREbfuT38D98I3HgzM3H090sAMRqQ','2024-01-09 04:24:46','insert_pre_assessment'),('dc463af6-eb52-4273-a5ad-f799c4420caa','b56d51ad-7628-4029-aef7-54103a45b9ae','eyJhbGciOiJIUzI1NiIsInR5cCI6IkpXVCJ9.eyJpZCI6ImI1NmQ1MWFkLTc2MjgtNDAyOS1hZWY3LTU0MTAzYTQ1YjlhZSIsImlhdCI6MTcwNDcxNTcxMCwiZXhwIjoxNzA0NzE5MzEwfQ.I21A6O2eWtYmPnc_kjBmQIe1ZVbCCdqoj3_m_fKRHlU','2024-01-08 12:26:33','insert_patient'),('dcfbd63d-ff5e-457a-9657-081593da77d1','b56d51ad-7628-4029-aef7-54103a45b9ae','eyJhbGciOiJIUzI1NiIsInR5cCI6IkpXVCJ9.eyJpZCI6ImI1NmQ1MWFkLTc2MjgtNDAyOS1hZWY3LTU0MTAzYTQ1YjlhZSIsImlhdCI6MTcwNDcyMTY5NywiZXhwIjoxNzA0NzI1Mjk3fQ.NiaELEvB1rVaCpcpbOOIDLiY4DzsGitkRAyfciqY0hE','2024-01-08 13:49:20','get_list_icd'),('dcff54a2-c721-4e64-9d95-f0b5d7f8b09e','b56d51ad-7628-4029-aef7-54103a45b9ae','eyJhbGciOiJIUzI1NiIsInR5cCI6IkpXVCJ9.eyJpZCI6ImI1NmQ1MWFkLTc2MjgtNDAyOS1hZWY3LTU0MTAzYTQ1YjlhZSIsImlhdCI6MTcwNDc3NDk5NiwiZXhwIjoxNzA0Nzc4NTk2fQ.fPnnLmRfmmDH83j-Frxwipj-WRRfCt-rv0lrWWXiJq4','2024-01-09 04:51:19','get_list_assessment'),('ddea0d13-de34-42e2-b61d-851ef5147be2','b56d51ad-7628-4029-aef7-54103a45b9ae','eyJhbGciOiJIUzI1NiIsInR5cCI6IkpXVCJ9.eyJpZCI6ImI1NmQ1MWFkLTc2MjgtNDAyOS1hZWY3LTU0MTAzYTQ1YjlhZSIsImlhdCI6MTcwNDc4Njg0NCwiZXhwIjoxNzA0NzkwNDQ0fQ.F0tUkXAF46sAS-7pNyOuYdsJ2v93ZmtkgJI2xRxrkpo','2024-01-09 07:56:05','update_icd'),('df151c16-4d5b-4046-a342-30a1d28fd696','b56d51ad-7628-4029-aef7-54103a45b9ae','eyJhbGciOiJIUzI1NiIsInR5cCI6IkpXVCJ9.eyJpZCI6ImI1NmQ1MWFkLTc2MjgtNDAyOS1hZWY3LTU0MTAzYTQ1YjlhZSIsImlhdCI6MTcwNDc4MTEyMywiZXhwIjoxNzA0Nzg0NzIzfQ.Ihv5tde3TMHZk1IHcoEkcTIohf8ItTeLilDlREYXrJI','2024-01-09 06:41:40','get_list_assessment'),('e0216b20-f5ed-4b7e-8822-9e5d12e69cad','b56d51ad-7628-4029-aef7-54103a45b9ae','eyJhbGciOiJIUzI1NiIsInR5cCI6IkpXVCJ9.eyJpZCI6ImI1NmQ1MWFkLTc2MjgtNDAyOS1hZWY3LTU0MTAzYTQ1YjlhZSIsImlhdCI6MTcwNDc3NDk5NiwiZXhwIjoxNzA0Nzc4NTk2fQ.fPnnLmRfmmDH83j-Frxwipj-WRRfCt-rv0lrWWXiJq4','2024-01-09 05:02:21','get_list_assessment'),('e16b32d2-9af8-4b3d-891f-9bde8222a854','b56d51ad-7628-4029-aef7-54103a45b9ae','eyJhbGciOiJIUzI1NiIsInR5cCI6IkpXVCJ9.eyJpZCI6ImI1NmQ1MWFkLTc2MjgtNDAyOS1hZWY3LTU0MTAzYTQ1YjlhZSIsImlhdCI6MTcwNDc3NDk5NiwiZXhwIjoxNzA0Nzc4NTk2fQ.fPnnLmRfmmDH83j-Frxwipj-WRRfCt-rv0lrWWXiJq4','2024-01-09 04:49:11','update_pre_assessment'),('e196d3d3-a988-48e9-84bb-4e9e9d70ed0d','b56d51ad-7628-4029-aef7-54103a45b9ae','eyJhbGciOiJIUzI1NiIsInR5cCI6IkpXVCJ9.eyJpZCI6ImI1NmQ1MWFkLTc2MjgtNDAyOS1hZWY3LTU0MTAzYTQ1YjlhZSIsImlhdCI6MTcwNDc4MTEyMywiZXhwIjoxNzA0Nzg0NzIzfQ.Ihv5tde3TMHZk1IHcoEkcTIohf8ItTeLilDlREYXrJI','2024-01-09 06:22:08','get_list_assessment'),('e8331b6a-559f-4d78-a941-36f0c371d5ef','b56d51ad-7628-4029-aef7-54103a45b9ae','eyJhbGciOiJIUzI1NiIsInR5cCI6IkpXVCJ9.eyJpZCI6ImI1NmQ1MWFkLTc2MjgtNDAyOS1hZWY3LTU0MTAzYTQ1YjlhZSIsImlhdCI6MTcwNDc1NjE3NiwiZXhwIjoxNzA0NzU5Nzc2fQ.oJQQ5fe50Aab1x3YyxqcQwZKguddO1QPrsc2vsfIXJA','2024-01-08 23:48:34','insert_pre_assessment'),('ed4fda00-33c1-4da9-be90-b50c64013a26','e644061b-bf25-4e20-be84-a8d85384a30e','eyJhbGciOiJIUzI1NiIsInR5cCI6IkpXVCJ9.eyJpZCI6ImU2NDQwNjFiLWJmMjUtNGUyMC1iZTg0LWE4ZDg1Mzg0YTMwZSIsImlhdCI6MTcwNDc4NDk0NSwiZXhwIjoxNzA0Nzg4NTQ1fQ.D9xmc1VaNvlQW5wjIM4sqmeVl-EOTXkAv7vsgtzRALI','2024-01-09 07:22:25','login'),('edc49f43-a06e-4c16-a18f-7cd4fb289eee','b56d51ad-7628-4029-aef7-54103a45b9ae','eyJhbGciOiJIUzI1NiIsInR5cCI6IkpXVCJ9.eyJpZCI6ImI1NmQ1MWFkLTc2MjgtNDAyOS1hZWY3LTU0MTAzYTQ1YjlhZSIsImlhdCI6MTcwNDc4OTMwOSwiZXhwIjoxNzA0NzkyOTA5fQ.-zexmHZDceHfFsRLMmIyUhP0mWRdDKTeGo1DJ44l4JM','2024-01-09 08:36:44','update_patient'),('ee318d54-fa75-4d15-b512-a6c4939dc95e','b56d51ad-7628-4029-aef7-54103a45b9ae','eyJhbGciOiJIUzI1NiIsInR5cCI6IkpXVCJ9.eyJpZCI6ImI1NmQ1MWFkLTc2MjgtNDAyOS1hZWY3LTU0MTAzYTQ1YjlhZSIsImlhdCI6MTcwNDc4MTEyMywiZXhwIjoxNzA0Nzg0NzIzfQ.Ihv5tde3TMHZk1IHcoEkcTIohf8ItTeLilDlREYXrJI','2024-01-09 06:22:33','get_list_assessment'),('efa75e20-2391-4eca-8542-80a0e5ac41b9','b56d51ad-7628-4029-aef7-54103a45b9ae','eyJhbGciOiJIUzI1NiIsInR5cCI6IkpXVCJ9.eyJpZCI6ImI1NmQ1MWFkLTc2MjgtNDAyOS1hZWY3LTU0MTAzYTQ1YjlhZSIsImlhdCI6MTcwNDc4MTEyMywiZXhwIjoxNzA0Nzg0NzIzfQ.Ihv5tde3TMHZk1IHcoEkcTIohf8ItTeLilDlREYXrJI','2024-01-09 06:23:14','get_list_assessment'),('f0b004db-854f-40ec-b870-18d9d8340ae1','b56d51ad-7628-4029-aef7-54103a45b9ae','eyJhbGciOiJIUzI1NiIsInR5cCI6IkpXVCJ9.eyJpZCI6ImI1NmQ1MWFkLTc2MjgtNDAyOS1hZWY3LTU0MTAzYTQ1YjlhZSIsImlhdCI6MTcwNDc4MTEyMywiZXhwIjoxNzA0Nzg0NzIzfQ.Ihv5tde3TMHZk1IHcoEkcTIohf8ItTeLilDlREYXrJI','2024-01-09 06:26:24','get_list_assessment'),('f678b457-8b79-48ad-b306-66db42745272','b56d51ad-7628-4029-aef7-54103a45b9ae','eyJhbGciOiJIUzI1NiIsInR5cCI6IkpXVCJ9.eyJpZCI6ImI1NmQ1MWFkLTc2MjgtNDAyOS1hZWY3LTU0MTAzYTQ1YjlhZSIsImlhdCI6MTcwNDc5MjcwNiwiZXhwIjoxNzA0Nzk2MzA2fQ.fWCFQ1eDO2-ELdzdCK7aILjV1EGMUGoz54GbuIQM1pM','2024-01-09 09:32:10','get_list_assessment'),('f76e9952-3268-467c-ac30-cef900b8355f','b56d51ad-7628-4029-aef7-54103a45b9ae','eyJhbGciOiJIUzI1NiIsInR5cCI6IkpXVCJ9.eyJpZCI6ImI1NmQ1MWFkLTc2MjgtNDAyOS1hZWY3LTU0MTAzYTQ1YjlhZSIsImlhdCI6MTcwNDc3NDk5NiwiZXhwIjoxNzA0Nzc4NTk2fQ.fPnnLmRfmmDH83j-Frxwipj-WRRfCt-rv0lrWWXiJq4','2024-01-09 04:43:23','insert_pre_assessment');
/*!40000 ALTER TABLE `trace` ENABLE KEYS */;
UNLOCK TABLES;

--
-- Table structure for table `users`
--

DROP TABLE IF EXISTS `users`;
/*!40101 SET @saved_cs_client     = @@character_set_client */;
/*!50503 SET character_set_client = utf8mb4 */;
CREATE TABLE `users` (
  `id` varchar(255) NOT NULL,
  `username` varchar(50) NOT NULL,
  `password` varchar(255) NOT NULL,
  `last_login` timestamp NULL DEFAULT NULL,
  `token` varchar(255) DEFAULT NULL,
  PRIMARY KEY (`id`)
) ENGINE=InnoDB DEFAULT CHARSET=utf8mb4 COLLATE=utf8mb4_0900_ai_ci;
/*!40101 SET character_set_client = @saved_cs_client */;

--
-- Dumping data for table `users`
--

LOCK TABLES `users` WRITE;
/*!40000 ALTER TABLE `users` DISABLE KEYS */;
INSERT INTO `users` VALUES ('1ed6a885-44e4-4453-bbd3-1a41cf154301','limakataaa','$2a$10$nq1HYq3mA6WsRah7PagKqeNEeAYbm3kEkHKKqF0JFdcUO8ZD0KlOi',NULL,NULL),('36061051-7470-47e4-9cf9-0564e08438ab','existinguser','$2a$10$X7DZL06g7rpR.YG6Pit.ye2lJugZyAeAD/xHUSg2194zVfQ9wN7Mm',NULL,NULL),('60e06fea-ab4d-4d0c-9225-57e2863a14ff','l','$2a$10$uEoubEs/STEevUFtvma/a.7NP0Pg9b54cJN2RSmNjGBzAo/t/roY6',NULL,NULL),('9d9d7f08-a2db-46d6-811f-2de845811fc3','testuser1','$2a$10$bV7x9TiWqzpZkjIaolmeB..3MoKcEaGYqd4m7IJcKwo7cZ0K.ue8i',NULL,NULL),('b56d51ad-7628-4029-aef7-54103a45b9ae','limakata','$2a$10$o4yDFrR1YkZcZX7L4eV0t..8qHd6sNkizIiQ7f2j.csWLVTUrLI9m','2024-01-09 09:31:46','eyJhbGciOiJIUzI1NiIsInR5cCI6IkpXVCJ9.eyJpZCI6ImI1NmQ1MWFkLTc2MjgtNDAyOS1hZWY3LTU0MTAzYTQ1YjlhZSIsImlhdCI6MTcwNDc5MjcwNiwiZXhwIjoxNzA0Nzk2MzA2fQ.fWCFQ1eDO2-ELdzdCK7aILjV1EGMUGoz54GbuIQM1pM'),('e644061b-bf25-4e20-be84-a8d85384a30e','testuser','$2a$10$IB1VImYzBrmi5r2sLn0qL.k4Iwip5cODHcgeqbV/qn38cspvRX5Ku','2024-01-09 07:22:25','eyJhbGciOiJIUzI1NiIsInR5cCI6IkpXVCJ9.eyJpZCI6ImU2NDQwNjFiLWJmMjUtNGUyMC1iZTg0LWE4ZDg1Mzg0YTMwZSIsImlhdCI6MTcwNDc4NDk0NSwiZXhwIjoxNzA0Nzg4NTQ1fQ.D9xmc1VaNvlQW5wjIM4sqmeVl-EOTXkAv7vsgtzRALI');
/*!40000 ALTER TABLE `users` ENABLE KEYS */;
UNLOCK TABLES;
/*!40103 SET TIME_ZONE=@OLD_TIME_ZONE */;

/*!40101 SET SQL_MODE=@OLD_SQL_MODE */;
/*!40014 SET FOREIGN_KEY_CHECKS=@OLD_FOREIGN_KEY_CHECKS */;
/*!40014 SET UNIQUE_CHECKS=@OLD_UNIQUE_CHECKS */;
/*!40101 SET CHARACTER_SET_CLIENT=@OLD_CHARACTER_SET_CLIENT */;
/*!40101 SET CHARACTER_SET_RESULTS=@OLD_CHARACTER_SET_RESULTS */;
/*!40101 SET COLLATION_CONNECTION=@OLD_COLLATION_CONNECTION */;
/*!40111 SET SQL_NOTES=@OLD_SQL_NOTES */;

-- Dump completed on 2024-01-09 17:10:08
